"","year","jdate","col_area","SD","AD","FID","dist_burrow","sex","age","ageclass","valley_location","trial_number","ID_Code"
"1",2003,147,"bench",169,121.5,121.5,48,"F",10,"Adult","down_valley",1,1541
"2",2003,151,"bench",47.5,47.5,45.5,15,"F",10,"Adult","down_valley",2,1541
"3",2003,160,"bench",80,80,78,20,"F",10,"Adult","down_valley",3,1541
"4",2004,195,"bench",117.6,78.4,40,3.2,"F",11,"Adult","down_valley",2,1541
"5",2004,194,"bench",116.8,75.2,37.6,3.2,"F",11,"Adult","down_valley",1,1541
"6",2003,184,"river",50,50,12.5,18,"F",11,"Adult","down_valley",2,1496
"7",2004,192,"river",144.8,120.8,59.2,4.8,"F",12,"Adult","down_valley",2,1496
"8",2003,162,"river",90,90,86,18,"F",11,"Adult","down_valley",1,1496
"9",2004,191,"river",126.4,104,72,8,"F",12,"Adult","down_valley",1,1496
"10",2003,144,"bench",34,34,31,3,"M",1,"Yearling","down_valley",1,1977
"11",2003,146,"bench",49,49,41.5,19,"M",1,"Yearling","down_valley",2,1977
"12",2003,147,"bench",25,25,21.5,9,"M",1,"Yearling","down_valley",3,1977
"13",2003,168,"bench",73,73,53.5,1,"M",1,"Yearling","down_valley",4,1977
"14",2003,169,"bench",37.5,37.5,32.5,14,"M",1,"Yearling","down_valley",5,1977
"15",2003,176,"bench",101.5,101.5,92.5,6,"M",1,"Yearling","down_valley",6,1977
"16",2003,184,"bench",90,90,67,10,"M",1,"Yearling","down_valley",7,1977
"17",2004,173,"mm",97.6,72.8,63.2,1.6,"F",10,"Adult","up_valley",1,1560
"18",2003,162,"mm",131.5,131.5,129.5,25,"F",9,"Adult","up_valley",1,1560
"19",2003,192,"mm",91,91,64.5,3,"F",9,"Adult","up_valley",2,1560
"20",2004,176,"mm",103.2,60.8,24,0,"F",10,"Adult","up_valley",2,1560
"21",2004,178,"mm",99.2,71.2,49.6,8,"F",10,"Adult","up_valley",3,1560
"22",2004,182,"picnic_lower",127.2,103.2,78.4,4,"F",8,"Adult","up_valley",1,1639
"23",2004,202,"picnic_lower",130.4,103.2,79.2,8,"F",8,"Adult","up_valley",2,1639
"24",2003,163,"picnic",77,77,46,4,"F",7,"Adult","up_valley",1,1639
"25",2005,194,"boulder",44.55,41.36,33.73,22.27,"F",7,"Adult","up_valley",1,1823
"26",2005,198,"boulder",53.45,47.73,45.82,41.36,"F",7,"Adult","up_valley",2,1823
"27",2004,189,"river",132,96,80.8,4,"F",4,"Adult","down_valley",2,1896
"28",2004,188,"river",142.4,112.8,108.8,3.2,"F",4,"Adult","down_valley",1,1896
"29",2013,164,"avalanche",63,51,28,0,"F",1,"Yearling","down_valley",1,3239
"30",2013,168,"avalanche",51,39,19,0,"F",1,"Yearling","down_valley",2,3239
"31",2013,175,"avalanche",63.5,55.5,54,0,"F",1,"Yearling","down_valley",3,3239
"32",2003,150,"river",139,139,89,12,"F",1,"Yearling","down_valley",1,1998
"33",2003,146,"mm",89,69,56.5,4,"F",1,"Yearling","up_valley",1,1999
"34",2003,168,"mm",157,157,126,2,"F",1,"Yearling","up_valley",2,1999
"35",2003,172,"mm",125,125,100,7,"F",1,"Yearling","up_valley",3,1999
"36",2003,153,"mm",194,194,125,18,"F",3,"Adult","up_valley",2,1901
"37",2003,153,"mm",200,174,174,25,"F",3,"Adult","up_valley",3,1901
"38",2003,166,"mm",202,186,43.5,14,"F",3,"Adult","up_valley",4,1901
"39",2003,148,"mm",70,64,58,2,"F",3,"Adult","up_valley",1,1901
"40",2003,171,"mm",230,75,72,8,"F",3,"Adult","up_valley",5,1901
"41",2003,176,"mm",335,335,266,10,"F",3,"Adult","up_valley",6,1901
"42",2004,166,"mm",162.4,156,149.6,0.8,"F",4,"Adult","up_valley",1,1901
"43",2004,177,"mm",162.4,72.8,71.2,1.6,"F",4,"Adult","up_valley",2,1901
"44",2003,192,"mm",200,200,67,7,"F",3,"Adult","up_valley",9,1901
"45",2005,188,"mm",148.27,100.55,100.55,80.82,"F",5,"Adult","up_valley",2,1901
"46",2003,178,"mm",191.5,191.5,82.5,16,"F",3,"Adult","up_valley",7,1901
"47",2003,180,"mm",137,137,87.5,14,"F",3,"Adult","up_valley",8,1901
"48",2005,182,"mm",154.64,107.55,107.55,107.55,"F",5,"Adult","up_valley",1,1901
"49",2003,153,"picnic",150,150,36,80,"F",1,"Yearling","up_valley",1,2054
"50",2003,146,"river",74,70.5,65.5,75,"M",1,"Yearling","down_valley",1,1982
"51",2003,153,"river",89.5,85.5,85.5,38,"M",1,"Yearling","down_valley",2,1982
"52",2003,176,"river",143,143,107.5,16,"M",1,"Yearling","down_valley",4,1982
"53",2003,177,"river",150.5,150.5,119.5,10,"M",1,"Yearling","down_valley",5,1982
"54",2003,160,"river",158,158,129,9,"M",1,"Yearling","down_valley",3,1982
"55",2004,181,"river",168.8,141.6,140.8,36.8,"F",7,"Adult","down_valley",1,1738
"56",2004,189,"river",143.2,111.2,75.2,13.6,"F",7,"Adult","down_valley",2,1738
"57",2003,164,"river",173.5,173.5,89.5,15,"M",1,"Yearling","down_valley",1,1983
"58",2003,169,"river",115,54,38,18,"M",1,"Yearling","down_valley",2,1983
"59",2003,144,"river",117.5,115,111,3,"F",1,"Yearling","down_valley",1,2024
"60",2003,176,"river",143,143,107.5,16,"F",1,"Yearling","down_valley",5,2024
"61",2003,149,"river",125,113.5,105,14,"F",1,"Yearling","down_valley",2,2024
"62",2003,168,"river",133,133,104.5,11,"F",1,"Yearling","down_valley",3,2024
"63",2003,169,"river",150,150,99.5,18,"F",1,"Yearling","down_valley",4,2024
"64",2003,164,"river",102,102,86.5,36,"F",1,"Yearling","down_valley",1,1981
"65",2004,181,"river",148.8,65.6,33.6,8,"F",2,"Adult","down_valley",1,1981
"66",2003,150,"river",147.5,147.5,87.5,10,"F",6,"Adult","down_valley",1,1739
"67",2003,168,"mm",98.5,70.5,66,16,"F",3,"Adult","up_valley",4,1902
"68",2003,164,"mm",156,156,124,15,"F",3,"Adult","up_valley",3,1902
"69",2003,153,"mm",190,190,152.5,5,"F",3,"Adult","up_valley",2,1902
"70",2003,192,"mm",199,199,28.5,7,"F",3,"Adult","up_valley",8,1902
"71",2003,153,"mm",102.5,102.5,90,30,"F",3,"Adult","up_valley",1,1902
"72",2003,183,"mm",103.5,57,27.5,18,"F",3,"Adult","up_valley",7,1902
"73",2003,182,"mm",103.5,57,29,18,"F",3,"Adult","up_valley",6,1902
"74",2003,176,"mm",335,335,173,16,"F",3,"Adult","up_valley",5,1902
"75",2004,200,"picnic_lower",180,28,11.2,0.8,"M",2,"Adult","up_valley",2,1988
"76",2004,198,"picnic_lower",184,168.8,168.8,1.6,"M",2,"Adult","up_valley",1,1988
"77",2004,190,"river",146.4,114.4,56,5.6,"F",2,"Adult","down_valley",2,2052
"78",2004,190,"river",153.6,124.8,122.4,12,"F",2,"Adult","down_valley",1,2052
"79",2003,164,"picnic",152,152,76.5,2,"F",1,"Yearling","up_valley",1,2005
"80",2003,161,"picnic",98.5,98.5,63,2,"F",2,"Adult","up_valley",1,1947
"81",2004,198,"picnic_lower",81.6,55.2,54.4,8.8,"F",2,"Adult","up_valley",1,2056
"82",2009,154,"gothictown",46,28,22,3,"F",8,"Adult","down_valley",1,1936
"83",2004,189,"river",136,102.4,43.2,4.8,"F",3,"Adult","down_valley",2,1965
"84",2003,193,"river",117,117,72,12,"F",2,"Adult","down_valley",1,1965
"85",2004,181,"river",136,124,65.6,32,"F",3,"Adult","down_valley",1,1965
"86",2005,203,"river",82.73,70,70,70,"F",3,"Adult","down_valley",1,1974
"87",2003,145,"river",90,88.5,88.5,50,"M",1,"Yearling","down_valley",1,1984
"88",2003,181,"river",94.5,92,64.5,46,"M",1,"Yearling","down_valley",1,2034
"89",2003,182,"river",94.5,92,64.5,46,"M",1,"Yearling","down_valley",2,2034
"90",2003,176,"bench",101.5,101.5,36.5,6,"F",1,"Yearling","down_valley",1,1975
"91",2003,165,"river",156.5,156.5,136.5,22,"M",1,"Yearling","down_valley",3,1979
"92",2003,164,"bench",58,58,22,10,"M",1,"Yearling","down_valley",2,1979
"93",2003,147,"bench",61,51.5,49,18,"M",1,"Yearling","down_valley",1,1979
"94",2003,176,"bench",101.5,101.5,39.5,6,"M",1,"Yearling","down_valley",5,1979
"95",2003,165,"bench",104.5,104.5,85,11,"M",1,"Yearling","down_valley",4,1979
"96",2003,167,"bench",65,65,39.5,5,"M",1,"Yearling","down_valley",1,1980
"97",2003,167,"river",141,141,129,10,"M",1,"Yearling","down_valley",1,1985
"98",2003,175,"river",68,68,65.5,10,"M",1,"Yearling","down_valley",2,1985
"99",2003,177,"picnic",200,200,94,4,"F",1,"Yearling","up_valley",1,1995
"100",2004,197,"picnic_lower",93.6,70.4,47.2,0.8,"F",2,"Adult","up_valley",1,1994
"101",2004,198,"picnic_lower",113.6,62.4,33.6,0.8,"F",2,"Adult","up_valley",2,1994
"102",2004,200,"picnic_lower",93.6,80,50.4,0,"M",2,"Adult","up_valley",1,1996
"103",2004,202,"picnic_lower",88,63.2,52,0,"M",2,"Adult","up_valley",2,1996
"104",2003,151,"bench",79.5,79.5,56.5,11,"F",1,"Yearling","down_valley",1,1976
"105",2003,163,"river",203,203,70,20,"F",1,"Yearling","down_valley",1,2031
"106",2004,191,"river",150.4,112.8,70.4,9.6,"F",2,"Adult","down_valley",1,2031
"107",2004,191,"river",153.6,54.4,48,12,"F",2,"Adult","down_valley",2,2031
"108",2003,174,"river",146,146,93.5,12,"M",1,"Yearling","down_valley",1,2029
"109",2003,176,"river",143,143,107.5,16,"M",1,"Yearling","down_valley",2,2029
"110",2003,151,"bench",96.5,96.5,21.5,13,"M",1,"Yearling","down_valley",1,2035
"111",2003,177,"picnic",67.5,67.5,6.5,5,"M",1,"Yearling","up_valley",1,2057
"112",2003,171,"picnic",370.5,370.5,155.5,5,"F",4,"Adult","up_valley",1,1857
"113",2004,182,"picnic_lower",167.2,144.8,122.4,4.8,"F",5,"Adult","up_valley",1,1857
"114",2004,198,"picnic_lower",200.8,28,25.6,2.4,"F",5,"Adult","up_valley",2,1857
"115",2004,158,"gothictown",54.4,20,7.2,0,"M",1,"Yearling","down_valley",1,2084
"116",2004,158,"gothictown",58.4,39.2,31.2,0,"F",1,"Yearling","down_valley",1,2085
"117",2004,158,"gothictown",35.2,27.2,24,1.6,"F",1,"Yearling","down_valley",2,2085
"118",2009,212,"bench",30,21,18,2,"F",6,"Adult","down_valley",7,2063
"119",2009,190,"bench",36,27,8,0.3,"F",6,"Adult","down_valley",4,2063
"120",2009,200,"bench",30,18,9,0.1,"F",6,"Adult","down_valley",5,2063
"121",2009,168,"bench",41,24,17,0.1,"F",6,"Adult","down_valley",2,2063
"122",2009,175,"bench",31,31,27,0.4,"F",6,"Adult","down_valley",3,2063
"123",2009,207,"bench",29,20,13,0.2,"F",6,"Adult","down_valley",6,2063
"124",2009,165,"bench",38,27,13,0.1,"F",6,"Adult","down_valley",1,2063
"125",2005,183,"mm",105,69.36,59.82,50.91,"F",2,"Adult","up_valley",1,2071
"126",2005,183,"mm",104.36,91,63.64,63.64,"M",2,"Adult","up_valley",2,2117
"127",2005,180,"mm",104.36,50.91,47.73,47.73,"M",2,"Adult","up_valley",1,2117
"128",2004,158,"gothictown",44,27.2,17.6,3.2,"F",1,"Yearling","down_valley",1,2114
"129",2004,158,"gothictown",36,26.4,23.2,4.8,"F",1,"Yearling","down_valley",2,2114
"130",2004,158,"gothictown",60,25.6,16.8,1.6,"F",1,"Yearling","down_valley",1,2088
"131",2004,158,"gothictown",70.4,23.2,18.4,1.6,"F",1,"Yearling","down_valley",2,2088
"132",2009,155,"gothictown",30,30,15,0.3,"F",6,"Adult","down_valley",1,2088
"133",2009,179,"gothictown",17,17,8,2,"F",6,"Adult","down_valley",2,2088
"134",2004,166,"mm",114.4,86.4,44.8,0.8,"M",1,"Yearling","up_valley",1,2078
"135",2004,167,"mm",84,68,34.4,1.6,"M",1,"Yearling","up_valley",1,2118
"136",2004,174,"mm",170.4,142.4,107.2,1.6,"M",1,"Yearling","up_valley",2,2118
"137",2004,177,"mm",161.6,83.2,69.6,0.8,"M",1,"Yearling","up_valley",3,2118
"138",2004,173,"mm",105.6,83.2,44,0.8,"F",1,"Yearling","up_valley",1,2073
"139",2005,184,"mm",86.55,52.82,48.36,43.27,"F",2,"Adult","up_valley",1,2073
"140",2005,187,"mm",89.09,82.73,74.45,63.64,"F",2,"Adult","up_valley",2,2073
"141",2004,174,"mm",99.2,75.2,74.4,0.8,"F",1,"Yearling","up_valley",2,2073
"142",2005,194,"boulder",43.91,42.64,26.73,24.82,"F",1,"Yearling","up_valley",1,2159
"143",2005,209,"gothictown",26.09,19.73,19.73,14,"F",1,"Yearling","down_valley",3,2182
"144",2009,194,"gothictown",40,18,8,1.5,"F",5,"Adult","down_valley",3,2182
"145",2005,180,"gothictown",22.27,13.36,9.55,3.18,"F",1,"Yearling","down_valley",1,2182
"146",2005,209,"gothictown",26.09,14.64,11.45,7,"F",1,"Yearling","down_valley",2,2182
"147",2009,152,"gothictown",70,70,60,2.5,"F",5,"Adult","down_valley",1,2182
"148",2009,164,"gothictown",89,89,68,2.5,"F",5,"Adult","down_valley",2,2182
"149",2009,208,"gothictown",35,35,28,3,"F",5,"Adult","down_valley",4,2182
"150",2005,190,"boulder",45.18,26.73,23.55,17.82,"M",1,"Yearling","up_valley",1,2160
"151",2009,190,"gothictown",36,32,4,1,"F",5,"Adult","down_valley",4,2235
"152",2010,152,"gothictown",45,33,14,1,"F",6,"Adult","down_valley",2,2235
"153",2010,152,"gothictown",38,33,8,5,"F",6,"Adult","down_valley",3,2235
"154",2009,179,"gothictown",19,19,9,9,"F",5,"Adult","down_valley",3,2235
"155",2010,144,"gothictown",40,17,17,1,"F",6,"Adult","down_valley",1,2235
"156",2009,155,"gothictown",18,9,6,7,"F",5,"Adult","down_valley",1,2235
"157",2009,169,"gothictown",44,18,14,15,"F",5,"Adult","down_valley",2,2235
"158",2010,153,"gothictown",42,14,14,10,"F",6,"Adult","down_valley",5,2235
"159",2011,192,"gothictown",34,34,5,1,"F",7,"Adult","down_valley",2,2235
"160",2010,152,"gothictown",48,48,38,20,"F",6,"Adult","down_valley",4,2235
"161",2011,189,"gothictown",49,32,12,12,"F",7,"Adult","down_valley",1,2235
"162",2009,170,"river_rivermound",102,102,66,2.5,"M",5,"Adult","down_valley",1,2205
"163",2009,180,"river_rivermound",81,81,71,17,"M",5,"Adult","down_valley",2,2205
"164",2010,205,"river_sprucemound",42,41,25,4,"M",6,"Adult","down_valley",2,2183
"165",2009,182,"gothictown",22,22,8,0.2,"M",5,"Adult","down_valley",2,2183
"166",2009,168,"gothictown",33,29,19,1,"M",5,"Adult","down_valley",1,2183
"167",2010,200,"river_sprucemound",55,35,33,2,"M",6,"Adult","down_valley",1,2183
"168",2004,172,"mm",156.8,124,123.2,1.6,"F",1,"Yearling","up_valley",1,2097
"169",2004,176,"mm",164.8,155.2,153.6,2.4,"F",1,"Yearling","up_valley",2,2097
"170",2004,177,"mm",161.6,83.2,58.4,0.8,"F",1,"Yearling","up_valley",3,2097
"171",2004,178,"mm",168,108,95.2,1.6,"M",1,"Yearling","up_valley",2,2098
"172",2004,178,"mm",172,140.8,124,16,"M",1,"Yearling","up_valley",1,2098
"173",2005,209,"gothictown",26.09,13.36,13.36,10.82,"F",1,"Yearling","down_valley",2,2184
"174",2005,209,"gothictown",26.09,22.27,22.27,15.27,"F",1,"Yearling","down_valley",3,2184
"175",2005,180,"gothictown",22.27,16.55,13.36,2.55,"F",1,"Yearling","down_valley",1,2184
"176",2009,150,"gothictown",98,98,62,3,"F",5,"Adult","down_valley",1,2184
"177",2009,172,"gothictown",80,80,46,1.2,"F",5,"Adult","down_valley",2,2184
"178",2009,192,"gothictown",41,29,8,1.5,"F",5,"Adult","down_valley",3,2184
"179",2010,141,"gothictown",117,117,67,2.5,"F",6,"Adult","down_valley",1,2184
"180",2009,206,"gothictown",35,29,13,2,"F",5,"Adult","down_valley",4,2184
"181",2018,171,"gothictown",12,4,3.4,2,"F",1,"Yearling","down_valley",2,3649
"182",2018,172,"gothictown",22.9,8.2,1.2,0,"F",1,"Yearling","down_valley",3,3649
"183",2018,164,"gothictown",13,9,3,3,"F",1,"Yearling","down_valley",1,3649
"184",2019,178,"picnic_lower",66.6,54.5,54.5,2,"M",1,"Yearling","up_valley",1,3670
"185",2013,193,"picnic",176,161,156,0,"F",9,"Adult","up_valley",2,2142
"186",2013,192,"picnic",103.5,98,92,0,"F",9,"Adult","up_valley",1,2142
"187",2010,179,"gothictown",26,19,13,20,"F",5,"Adult","down_valley",5,2329
"188",2010,178,"gothictown",26,20,13,20,"F",5,"Adult","down_valley",4,2329
"189",2009,194,"gothictown",22,17,3,0.1,"F",4,"Adult","down_valley",4,2329
"190",2009,205,"gothictown",17,15,9,0.4,"F",4,"Adult","down_valley",5,2329
"191",2010,154,"gothictown",45,15,5,1,"F",5,"Adult","down_valley",3,2329
"192",2009,179,"gothictown",14,14,8,3.5,"F",4,"Adult","down_valley",3,2329
"193",2009,168,"gothictown",29,26,9,3.5,"F",4,"Adult","down_valley",2,2329
"194",2010,150,"gothictown",55,24,7,10,"F",5,"Adult","down_valley",2,2329
"195",2010,137,"gothictown",63,35,33,12,"F",5,"Adult","down_valley",1,2329
"196",2009,156,"gothictown",29,29,24,2,"F",4,"Adult","down_valley",1,2329
"197",2009,171,"river_rivermound",104,104,74,2.5,"F",2,"Adult","down_valley",1,2636
"198",2009,177,"river_rivermound",89,81,76,1,"F",2,"Adult","down_valley",2,2636
"199",2009,169,"river_rivermound",105,105,73,2.5,"F",5,"Adult","down_valley",1,2129
"200",2009,176,"river_rivermound",81,81,68,2.5,"F",5,"Adult","down_valley",2,2129
"201",2010,208,"river_rivermound",43,33,20,2,"F",6,"Adult","down_valley",2,2129
"202",2010,195,"river_rivermound",70,61,61,2,"F",6,"Adult","down_valley",1,2129
"203",2005,177,"river",76.92,68.65,65.46,61.65,"M",1,"Yearling","down_valley",1,2241
"204",2005,198,"boulder",51.55,33.73,25.45,22.91,"F",1,"Yearling","up_valley",2,2164
"205",2005,194,"boulder",45.18,26.73,21.64,10.18,"F",1,"Yearling","up_valley",1,2164
"206",2004,163,"bench",49.6,40.8,34.4,4.8,"F",1,"Yearling","down_valley",1,2067
"207",2009,206,"bench",26,26,20,0.6,"F",6,"Adult","down_valley",4,2067
"208",2004,164,"bench",50.4,32,23.2,4,"F",1,"Yearling","down_valley",2,2067
"209",2009,195,"bench",54,46,34,0.1,"F",6,"Adult","down_valley",3,2067
"210",2009,190,"bench",39,29,24,4,"F",6,"Adult","down_valley",2,2067
"211",2009,167,"bench",43,43,37,4,"F",6,"Adult","down_valley",1,2067
"212",2004,180,"mm",157.6,119.2,113.6,3.2,"M",1,"Yearling","up_valley",3,2119
"213",2004,179,"mm",167.2,136.8,120.8,4.8,"M",1,"Yearling","up_valley",1,2119
"214",2004,179,"mm",161.6,104,93.6,1.6,"M",1,"Yearling","up_valley",2,2119
"215",2005,196,"mm",106.27,66.82,54.73,54.73,"F",1,"Yearling","up_valley",2,2144
"216",2005,188,"mm",105,58.55,54.09,28.64,"F",1,"Yearling","up_valley",1,2144
"217",2005,197,"mm",161.64,101.18,84.64,72.55,"F",1,"Yearling","up_valley",1,2187
"218",2005,195,"mm",169.91,89.73,15.27,15.27,"M",1,"Yearling","up_valley",2,2188
"219",2005,195,"mm",163.55,57.91,15.27,15.27,"M",1,"Yearling","up_valley",1,2188
"220",2005,187,"mm",103.09,70,60.45,35,"F",1,"Yearling","up_valley",1,2145
"221",2005,196,"mm",102.45,70.64,56,56,"F",1,"Yearling","up_valley",2,2145
"222",2005,195,"mm",145.73,94.82,21,9.55,"F",1,"Yearling","up_valley",2,2190
"223",2005,184,"mm",146.36,58.55,58.55,58.55,"F",1,"Yearling","up_valley",1,2190
"224",2005,198,"boulder",51.55,35.64,21.64,21.64,"F",1,"Yearling","up_valley",1,2165
"225",2005,198,"boulder",52.18,33.73,12.73,5.73,"F",1,"Yearling","up_valley",2,2165
"226",2003,166,"picnic",43,41.5,41,14,"F",4,"Adult","up_valley",1,1865
"227",2004,202,"picnic_lower",119.2,81.6,53.6,2.4,"F",5,"Adult","up_valley",1,1865
"228",2004,202,"picnic_lower",100,91.2,84,40,"F",5,"Adult","up_valley",2,1865
"229",2010,173,"bench",38,25,16,1,"M",1,"Yearling","down_valley",5,2921
"230",2010,173,"bench",36,29,15,5,"M",1,"Yearling","down_valley",4,2921
"231",2010,171,"bench",51,18,13,1,"M",1,"Yearling","down_valley",2,2921
"232",2010,172,"bench",22,22,12,0.5,"M",1,"Yearling","down_valley",3,2921
"233",2010,170,"bench",50,32,27,5,"M",1,"Yearling","down_valley",1,2921
"234",2010,137,"gothictown",27,24,24,7,"F",1,"Yearling","down_valley",1,2901
"235",2010,143,"gothictown",24,17,14,2,"F",1,"Yearling","down_valley",2,2901
"236",2010,179,"gothictown",35,27,24,1,"F",1,"Yearling","down_valley",3,2901
"237",2010,164,"bench",45,45,45,20,"M",1,"Yearling","down_valley",1,2922
"238",2010,170,"bench",49,48,33,20,"M",1,"Yearling","down_valley",5,2922
"239",2010,168,"bench",45,40,25,1,"M",1,"Yearling","down_valley",2,2922
"240",2010,169,"bench",48,46,33,10,"M",1,"Yearling","down_valley",3,2922
"241",2010,170,"bench",47,24,14,10,"M",1,"Yearling","down_valley",4,2922
"242",2010,173,"bench",28,22,13,1,"M",1,"Yearling","down_valley",1,2917
"243",2004,178,"mm",170.4,64,62.4,4,"M",1,"Yearling","up_valley",1,2099
"244",2004,180,"mm",172,124,123.2,5.6,"M",1,"Yearling","up_valley",2,2099
"245",2012,171,"river",72,72,55,15,"F",9,"Adult","down_valley",1,2112
"246",2012,183,"river",60,60,53,15,"F",9,"Adult","down_valley",2,2112
"247",2005,219,"river",113.45,63.55,57.45,48.55,"F",2,"Adult","down_valley",2,2112
"248",2011,196,"river_rivermound",60,58,42,1,"F",8,"Adult","down_valley",1,2112
"249",2012,183,"river",37,37,31,8,"F",9,"Adult","down_valley",3,2112
"250",2005,218,"river",114.09,105.55,60.64,54.91,"F",2,"Adult","down_valley",1,2112
"251",2013,161,"river_sagemound",40,32,30,10,"F",10,"Adult","down_valley",1,2113
"252",2012,168,"river",68,68,19,2,"F",9,"Adult","down_valley",1,2113
"253",2011,191,"river_rivermound",55,50,46,1,"F",8,"Adult","down_valley",1,2113
"254",2010,201,"river",42,34,34,5,"F",7,"Adult","down_valley",1,2113
"255",2010,205,"river_sagemound",43,23,17,2,"F",7,"Adult","down_valley",2,2113
"256",2012,181,"river",42,42,38,3,"F",9,"Adult","down_valley",2,2113
"257",2013,162,"river",106.5,94,90.5,10,"F",10,"Adult","down_valley",2,2113
"258",2012,183,"river",38,38,11,2,"F",9,"Adult","down_valley",3,2113
"259",2012,184,"river",38,38,22,10,"F",9,"Adult","down_valley",4,2113
"260",2012,191,"river",32,32,12,1,"F",9,"Adult","down_valley",5,2113
"261",2004,178,"mm",158.4,124.8,124,2.4,"F",1,"Yearling","up_valley",3,2120
"262",2004,177,"mm",161.6,112.8,112,0.8,"F",1,"Yearling","up_valley",2,2120
"263",2004,179,"mm",154.4,79.2,78.4,4.8,"F",1,"Yearling","up_valley",5,2120
"264",2004,170,"mm",150.4,108,85.6,1.6,"F",1,"Yearling","up_valley",1,2120
"265",2004,178,"mm",170.4,106.4,93.6,2.4,"F",1,"Yearling","up_valley",4,2120
"266",2009,200,"gothictown",34,28,13,0.4,"M",5,"Adult","down_valley",1,2263
"267",2005,219,"river",118.36,111.36,51.55,49,"F",2,"Adult","down_valley",2,2116
"268",2005,218,"river",113.45,103.65,100.73,40.27,"F",2,"Adult","down_valley",1,2116
"269",2009,170,"bench",71,55,53,1,"F",4,"Adult","down_valley",1,2296
"270",2012,146,"picnic",63,63,43,10.5,"M",7,"Adult","up_valley",2,2287
"271",2012,165,"picnic",55,45,13,2,"M",7,"Adult","up_valley",4,2287
"272",2011,175,"picnic_lower",36,21,18,1,"M",6,"Adult","up_valley",1,2287
"273",2011,203,"picnic_lower",35,31,29,1,"M",6,"Adult","up_valley",3,2287
"274",2012,141,"picnic",81,78,76,8.5,"M",7,"Adult","up_valley",1,2287
"275",2015,163,"picnic_lower",104,104,80,12,"M",10,"Adult","up_valley",1,2287
"276",2012,159,"picnic",45,45,41,7,"M",7,"Adult","up_valley",3,2287
"277",2011,202,"picnic_lower",32,29,15,1,"M",6,"Adult","up_valley",2,2287
"278",2011,194,"horsemound",27,26,1,1,"F",6,"Adult","down_valley",4,2283
"279",2009,190,"horsemound",41,41,40,0.6,"F",4,"Adult","down_valley",3,2283
"280",2011,201,"horsemound",27,24,15,1,"F",6,"Adult","down_valley",5,2283
"281",2011,183,"horsemound",34,30,28,2,"F",6,"Adult","down_valley",1,2283
"282",2011,187,"horsemound",35,35,28,3,"F",6,"Adult","down_valley",2,2283
"283",2011,188,"horsemound",35,35,32,3,"F",6,"Adult","down_valley",3,2283
"284",2009,163,"horsemound",39,39,30,2,"F",4,"Adult","down_valley",1,2283
"285",2009,165,"horsemound",36,36,34,2.5,"F",4,"Adult","down_valley",2,2283
"286",2013,174,"river_sagemound",93,NA,72,4,"M",9,"Adult","down_valley",1,2264
"287",2011,196,"river_rivermound",36,35,31,20,"M",7,"Adult","down_valley",1,2264
"288",2015,167,"river_southmound",70,22,17,7,"M",11,"Adult","down_valley",1,2264
"289",2010,182,"river_sprucemound",41,29,23,1,"M",6,"Adult","down_valley",1,2264
"290",2009,177,"river_rivermound",91,65,62,2,"F",2,"Adult","down_valley",1,2647
"291",2010,182,"mm",66,18,8,1,"F",3,"Adult","up_valley",3,2701
"292",2010,182,"mm",62,48,44,20,"F",3,"Adult","up_valley",2,2701
"293",2010,194,"mm",48,47,28,5,"F",3,"Adult","up_valley",6,2701
"294",2010,190,"mm",61,25,25,1,"F",3,"Adult","up_valley",4,2701
"295",2010,158,"mm",79,79,78,17,"F",3,"Adult","up_valley",1,2701
"296",2011,196,"mm",101,40,33,5,"F",4,"Adult","up_valley",1,2701
"297",2011,198,"mm",83,22,19,0.5,"F",4,"Adult","up_valley",2,2701
"298",2010,196,"mm",75,35,35,10,"F",3,"Adult","up_valley",7,2701
"299",2011,200,"mm",84,43,18,0.5,"F",4,"Adult","up_valley",3,2701
"300",2011,221,"mm_aspen",65,65,62,1.5,"F",4,"Adult","up_valley",5,2701
"301",2012,173,"mm",104,54,26,7,"F",5,"Adult","up_valley",1,2701
"302",2011,201,"mm",106,81,11,0.5,"F",4,"Adult","up_valley",4,2701
"303",2010,191,"mm",35,21,6,5,"F",3,"Adult","up_valley",5,2701
"304",2010,197,"mm",64,41,37,20,"F",3,"Adult","up_valley",6,2699
"305",2010,153,"mm",92.5,90,71,27,"F",3,"Adult","up_valley",1,2699
"306",2010,199,"mm",47,31,21,10,"F",3,"Adult","up_valley",8,2699
"307",2010,193,"mm",48,47,38,5,"F",3,"Adult","up_valley",5,2699
"308",2010,198,"mm",49,30,20,5,"F",3,"Adult","up_valley",7,2699
"309",2010,162,"mm",65,32,18,1,"F",3,"Adult","up_valley",2,2699
"310",2010,162,"mm",60,25,20,10,"F",3,"Adult","up_valley",3,2699
"311",2010,191,"mm",35,13,12,5,"F",3,"Adult","up_valley",4,2699
"312",2011,209,"mm",72,61,56,0.5,"F",5,"Adult","up_valley",3,2410
"313",2015,154,"mm_maintalus",71,71,56,4.5,"F",9,"Adult","up_valley",1,2410
"314",2014,190,"mm_maintalus",162,133,118,2.1,"F",8,"Adult","up_valley",4,2410
"315",2011,196,"mm",69,50,45,0.5,"F",5,"Adult","up_valley",2,2410
"316",2013,184,"mm_aspen",62,34,33,3,"F",7,"Adult","up_valley",2,2410
"317",2010,162,"mm",48,48,47,20,"F",4,"Adult","up_valley",1,2410
"318",2014,184,"mm_maintalus",75,75,69,1,"F",8,"Adult","up_valley",3,2410
"319",2015,176,"mm_maintalus",75,75,27,3.6,"F",9,"Adult","up_valley",2,2410
"320",2014,203,"mm_maintalus",112,85.5,71,0.8,"F",8,"Adult","up_valley",5,2410
"321",2013,186,"mm",142,65.3,53.5,0,"F",7,"Adult","up_valley",3,2410
"322",2011,213,"mm",70,67,66,2,"F",5,"Adult","up_valley",4,2410
"323",2011,194,"mm_maintalus",70,52,43,6,"F",5,"Adult","up_valley",1,2410
"324",2013,178,"mm",146.5,89.5,60,0,"F",7,"Adult","up_valley",1,2410
"325",2012,155,"mm",71,70,33,2.5,"F",6,"Adult","up_valley",2,2410
"326",2012,166,"mm",93,49,29.5,1,"F",6,"Adult","up_valley",3,2410
"327",2011,222,"mm_maintalus",66,55,54,4,"F",5,"Adult","up_valley",5,2410
"328",2014,178,"mm_maintalus",71,71,66,5,"F",8,"Adult","up_valley",2,2410
"329",2012,141,"mm",72,72,69,2.5,"F",6,"Adult","up_valley",1,2410
"330",2010,190,"mm",50,47,46,1,"F",4,"Adult","up_valley",3,2410
"331",2010,162,"mm",56,45,45,1,"F",4,"Adult","up_valley",2,2410
"332",2012,168,"mm",59,NA,54,4,"F",6,"Adult","up_valley",4,2410
"333",2014,177,"mm_maintalus",71,62,62,5,"F",8,"Adult","up_valley",1,2410
"334",2009,154,"gothictown",35,25,11,1.5,"M",1,"Yearling","down_valley",1,2773
"335",2009,170,"gothictown",15,11,8,2,"M",1,"Yearling","down_valley",2,2773
"336",2009,163,"horsemound",95,95,28,7,"M",1,"Yearling","down_valley",1,2815
"337",2009,154,"horsemound",102,102,87,12,"M",1,"Yearling","down_valley",1,2816
"338",2011,174,"picnic_lower",43,29,19,4,"F",3,"Adult","up_valley",2,2825
"339",2011,178,"picnic_lower",32,28,13,2.5,"F",3,"Adult","up_valley",3,2825
"340",2011,188,"picnic_lower",43,NA,22,1,"F",3,"Adult","up_valley",4,2825
"341",2011,192,"picnic_lower",35,35,29,5,"F",3,"Adult","up_valley",6,2825
"342",2014,164,"picnic_lower",76,76,55,2,"F",6,"Adult","up_valley",1,2825
"343",2012,165,"picnic",46,46,44,6,"F",4,"Adult","up_valley",2,2825
"344",2011,191,"picnic_lower",35,35,28,2,"F",3,"Adult","up_valley",5,2825
"345",2011,158,"picnic_lower",43,NA,22,1,"F",3,"Adult","up_valley",1,2825
"346",2011,194,"picnic_lower",34,27,13,2,"F",3,"Adult","up_valley",7,2825
"347",2012,142,"picnic",38,38,17,1,"F",4,"Adult","up_valley",1,2825
"348",2013,176,"picnic_lower",62,58,46,1,"F",5,"Adult","up_valley",1,2825
"349",2011,202,"picnic_lower",34,19,15,1.5,"F",3,"Adult","up_valley",8,2825
"350",2013,193,"picnic",100,68,44.5,0,"F",5,"Adult","up_valley",2,2825
"351",2011,203,"picnic_lower",35,33,32,1,"F",3,"Adult","up_valley",9,2825
"352",2010,194,"picnic",23,17,17,1,"F",2,"Adult","up_valley",1,2825
"353",2012,152,"mm",104,102,58,1,"M",5,"Adult","up_valley",3,2638
"354",2012,165,"mm",84,76.5,22,20,"M",5,"Adult","up_valley",4,2638
"355",2012,185,"mm",55,55,35,3,"M",5,"Adult","up_valley",5,2638
"356",2011,194,"mm_aspen",71,66,66,27,"M",4,"Adult","up_valley",2,2638
"357",2011,196,"mm",58,50,34,0.5,"M",4,"Adult","up_valley",3,2638
"358",2012,150,"mm",71,57,53,4.5,"M",5,"Adult","up_valley",2,2638
"359",2011,209,"mm",70,56,27,0.5,"M",4,"Adult","up_valley",5,2638
"360",2011,201,"mm",109,36,20,0.5,"M",4,"Adult","up_valley",4,2638
"361",2011,175,"mm_aspen",83,80,80,38,"M",4,"Adult","up_valley",1,2638
"362",2012,141,"mm",71,71,44,9.5,"M",5,"Adult","up_valley",1,2638
"363",2009,166,"gothictown",26,22,13,0.2,"F",1,"Yearling","down_valley",2,2731
"364",2009,182,"gothictown",18,15,3,0.3,"F",1,"Yearling","down_valley",3,2731
"365",2009,155,"gothictown",28,23,18,7,"F",1,"Yearling","down_valley",1,2731
"366",2011,191,"boulder",31,31,13,2,"M",3,"Adult","up_valley",1,2713
"367",2010,159,"picnic_lower",61,49,47.5,4.5,"M",2,"Adult","up_valley",1,2713
"368",2009,157,"gothictown",29,7,6.5,1.5,"M",1,"Yearling","down_valley",1,2735
"369",2009,180,"gothictown",15,13,6,0.8,"M",1,"Yearling","down_valley",3,2735
"370",2009,166,"gothictown",31,22,18,0.2,"M",1,"Yearling","down_valley",2,2735
"371",2010,137,"gothictown",34,32,16,13,"M",2,"Adult","down_valley",1,2735
"372",2010,167,"gothictown",31,29,22,5,"M",2,"Adult","down_valley",4,2735
"373",2010,167,"gothictown",35,33,23,5,"M",2,"Adult","down_valley",3,2735
"374",2010,142,"gothictown",60,60,16.8,1,"M",2,"Adult","down_valley",2,2735
"375",2010,188,"gothictown",36,18,17,4,"M",1,"Yearling","down_valley",1,2884
"376",2010,169,"bench",48,47,45,1,"M",1,"Yearling","down_valley",1,2943
"377",2010,194,"picnic",30,17,17,0.5,"F",2,"Adult","up_valley",1,2711
"378",2009,154,"horsemound",106,48,36,7,"M",1,"Yearling","down_valley",1,2819
"379",2010,150,"river_sprucemound",47,42,42,0.25,"F",2,"Adult","down_valley",1,2727
"380",2009,155,"horsemound",98,98,46,12,"F",1,"Yearling","down_valley",1,2820
"381",2009,154,"gothictown",85,85,73,15,"M",1,"Yearling","down_valley",1,2771
"382",2010,163,"bench",46,38,6,1,"M",1,"Yearling","down_valley",3,2923
"383",2010,158,"bench",43,9,6,0.5,"M",1,"Yearling","down_valley",1,2923
"384",2010,172,"bench",18,13,9,2,"M",1,"Yearling","down_valley",6,2923
"385",2010,169,"bench",51,43,41,20,"M",1,"Yearling","down_valley",4,2923
"386",2010,161,"bench",40,35,35,5,"M",1,"Yearling","down_valley",2,2923
"387",2010,171,"bench",51,36,10,10,"M",1,"Yearling","down_valley",5,2923
"388",2010,183,"bench",30,26,20,1,"M",1,"Yearling","down_valley",7,2923
"389",2011,192,"gothictown",23,23,7,2,"F",2,"Adult","down_valley",1,2891
"390",2010,195,"gothictown",73,54,32,0.5,"F",1,"Yearling","down_valley",1,2891
"391",2010,150,"river_sprucemound",56,55,55,1,"M",2,"Adult","down_valley",1,2730
"392",2010,190,"gothictown",30,18,13,2.5,"F",1,"Yearling","down_valley",1,2885
"393",2013,164,"river_rivermound",90,63,60,15,"F",1,"Yearling","down_valley",1,3173
"394",2010,182,"mm",57,44,39,10,"F",2,"Adult","up_valley",2,2717
"395",2010,162,"mm",55,30,16,5,"F",2,"Adult","up_valley",1,2717
"396",2011,209,"river_rivermound",55,54,34,3,"M",2,"Adult","down_valley",3,2852
"397",2012,183,"bench",90,90,88,7,"M",3,"Adult","down_valley",1,2852
"398",2011,202,"river_rivermound",54,53,36,1,"M",2,"Adult","down_valley",1,2852
"399",2011,203,"river_rivermound",60,50,49,3,"M",2,"Adult","down_valley",2,2852
"400",2013,162,"river_rivermound",52,44,12,0,"M",4,"Adult","down_valley",1,2852
"401",2013,165,"river_rivermound",91.8,53.3,31.9,3,"M",4,"Adult","down_valley",3,2852
"402",2013,164,"river_rivermound",60,50,17,NA,"M",4,"Adult","down_valley",2,2852
"403",2018,173,"picnic_lower",32,28,17,NA,"F",6,"Adult","up_valley",1,3161
"404",2020,230,"picnic_lower",91,73,66,1,"F",8,"Adult","up_valley",2,3161
"405",2017,184,"picnic_lower",13.8,10.3,10.3,4,"F",5,"Adult","up_valley",1,3161
"406",2017,197,"picnic_lower",65,46,43,3,"F",5,"Adult","up_valley",2,3161
"407",2019,228,"picnic_lower",46.5,26.15,18.4,1,"F",7,"Adult","up_valley",3,3161
"408",2019,191,"picnic_lower",94.5,75.9,75.9,3,"F",7,"Adult","up_valley",1,3161
"409",2015,183,"picnic_lower",57,44,31,2,"F",3,"Adult","up_valley",1,3161
"410",2019,219,"picnic_lower",36.2,27.8,19.8,2,"F",7,"Adult","up_valley",2,3161
"411",2020,215,"picnic_lower",115,55,55,12,"F",8,"Adult","up_valley",1,3161
"412",2010,143,"gothictown",34,27,27,0.5,"F",1,"Yearling","down_valley",1,2893
"413",2010,185,"bench",83,47,28,5,"M",1,"Yearling","down_valley",3,2865
"414",2010,182,"bench",51,25,20,5,"M",1,"Yearling","down_valley",1,2865
"415",2010,184,"bench",50,35,28,10,"M",1,"Yearling","down_valley",2,2865
"416",2010,188,"gothictown",48,23,5,2,"F",1,"Yearling","down_valley",1,2985
"417",2010,170,"bench",50,46,46,10,"F",1,"Yearling","down_valley",4,2866
"418",2010,165,"bench",45,45,42,10,"F",1,"Yearling","down_valley",2,2866
"419",2010,169,"bench",48,48,40,10,"F",1,"Yearling","down_valley",3,2866
"420",2010,149,"bench",78,50,48,1,"F",1,"Yearling","down_valley",1,2866
"421",2018,173,"gothictown",10,9,3.7,10,"M",1,"Yearling","down_valley",4,3647
"422",2019,207,"gothictown",29,20,7.1,2,"M",2,"Adult","down_valley",3,3647
"423",2018,172,"gothictown",31.2,10.5,2.7,0,"M",1,"Yearling","down_valley",3,3647
"424",2020,234,"gothictown",21,NA,6,0.7,"M",3,"Adult","down_valley",2,3647
"425",2019,177,"gothictown",27.2,10.3,3.35,20,"M",2,"Adult","down_valley",1,3647
"426",2018,167,"gothictown",12,9,5,1,"M",1,"Yearling","down_valley",2,3647
"427",2020,205,"gothictown",25,2.5,2.5,NA,"M",3,"Adult","down_valley",1,3647
"428",2019,209,"gothictown",16,13,6.1,1,"M",2,"Adult","down_valley",4,3647
"429",2018,164,"gothictown",8,47,4,1,"M",1,"Yearling","down_valley",1,3647
"430",2019,180,"gothictown",21.6,5.1,15,2,"M",2,"Adult","down_valley",2,3647
"431",2011,188,"horsemound",34,34,32,3,"M",3,"Adult","down_valley",1,2785
"432",2011,194,"horsemound",37,35,35,1,"M",3,"Adult","down_valley",2,2785
"433",2011,201,"horsemound",25,24,19,1,"M",3,"Adult","down_valley",3,2785
"434",2009,155,"bench",25,19,17,1.5,"M",1,"Yearling","down_valley",1,2813
"435",2010,201,"river",41,34,27,0.5,"M",1,"Yearling","down_valley",1,2937
"436",2011,172,"river_rivermound",71,56,23,2,"M",2,"Adult","down_valley",1,2937
"437",2010,170,"gothictown",27,14,8,0.5,"M",1,"Yearling","down_valley",1,2874
"438",2014,196,"gothictown",18,16.5,9.5,4.8,"F",3,"Adult","down_valley",1,3145
"439",2015,193,"picnic_upper",98,61,31,2,"F",5,"Adult","up_valley",1,3079
"440",2014,189,"mm_aspen",102,102,71,0.5,"F",4,"Adult","up_valley",4,3070
"441",2017,187,"mm_maintalus",123.6,108.6,103.8,16.8,"F",7,"Adult","up_valley",4,3070
"442",2014,175,"mm_aspen",58,58,32,1.2,"F",4,"Adult","up_valley",1,3070
"443",2012,146,"mm",69,68,68,32,"F",2,"Adult","up_valley",1,3070
"444",2014,184,"mm_aspen",74,74,66,0,"F",4,"Adult","up_valley",3,3070
"445",2011,196,"mm",59,51,45,3,"F",1,"Yearling","up_valley",4,3070
"446",2017,174,"mm_maintalus",118.4,91.4,79.4,1,"F",7,"Adult","up_valley",3,3070
"447",2020,203,"mm_maintalus",108,103,98,NA,"F",10,"Adult","up_valley",1,3070
"448",2011,193,"mm_maintalus",60,60,37,15,"F",1,"Yearling","up_valley",1,3070
"449",2017,193,"mm_maintalus",80,60,50,2,"F",7,"Adult","up_valley",5,3070
"450",2017,204,"mm_maintalus",91.6,70.6,68.7,6,"F",7,"Adult","up_valley",7,3070
"451",2011,209,"mm",72,66,40,0.5,"F",1,"Yearling","up_valley",5,3070
"452",2020,219,"mm_maintalus",207,98,72,2.9,"F",10,"Adult","up_valley",2,3070
"453",2018,200,"mm_maintalus",70,57,57,1,"F",8,"Adult","up_valley",4,3070
"454",2014,178,"mm_aspen",70,70,66,0,"F",4,"Adult","up_valley",2,3070
"455",2017,198,"mm_maintalus",80,75,75,1,"F",7,"Adult","up_valley",6,3070
"456",2011,194,"mm_maintalus",66,66,64,7,"F",1,"Yearling","up_valley",2,3070
"457",2015,154,"mm_aspen",107,69,17,5,"F",5,"Adult","up_valley",1,3070
"458",2017,173,"mm_maintalus",53,49,49,2,"F",7,"Adult","up_valley",2,3070
"459",2019,212,"mm_maintalus",67,61,49,1,"F",9,"Adult","up_valley",2,3070
"460",2017,171,"mm_maintalus",137.4,132,85.2,3,"F",7,"Adult","up_valley",1,3070
"461",2018,171,"mm_maintalus",55,45.5,39,NA,"F",8,"Adult","up_valley",3,3070
"462",2011,195,"mm_maintalus",66,50,45,25,"F",1,"Yearling","up_valley",3,3070
"463",2018,164,"mm_maintalus",42,46,29,NA,"F",8,"Adult","up_valley",2,3070
"464",2018,154,"mm_maintalus",99.6,70.9,56.5,1,"F",8,"Adult","up_valley",1,3070
"465",2019,175,"mm_maintalus",42.1,3.8,17.3,NA,"F",9,"Adult","up_valley",1,3070
"466",2011,196,"mm",43,28,7,0.5,"M",1,"Yearling","up_valley",2,3064
"467",2011,195,"mm_maintalus",49,15,6,1,"M",1,"Yearling","up_valley",1,3064
"468",2011,221,"mm_aspen",67,22,13.5,1,"M",1,"Yearling","up_valley",4,3064
"469",2011,198,"mm",66,29,12,12,"M",1,"Yearling","up_valley",3,3064
"470",2015,175,"river_rivermound",28,28,25,1,"F",5,"Adult","down_valley",1,3043
"471",2014,175,"river_sagemound",109,98,85,35,"F",4,"Adult","down_valley",1,3043
"472",2012,168,"river",60,60,43,10,"F",2,"Adult","down_valley",1,3043
"473",2010,151,"picnic_lower",90,77,77,6,"M",1,"Yearling","up_valley",1,2898
"474",2011,194,"mm_maintalus",71,71,69,5,"M",1,"Yearling","up_valley",1,3071
"475",2011,195,"mm_maintalus",67,55,54,5,"M",1,"Yearling","up_valley",2,3071
"476",2012,179,"boulder",36.5,35.5,34,6,"F",2,"Adult","up_valley",4,3035
"477",2012,172,"boulder",53,37,36,2.5,"F",2,"Adult","up_valley",3,3035
"478",2012,170,"boulder",50,50,34,9,"F",2,"Adult","up_valley",1,3035
"479",2011,193,"boulder",43,41,36,0.5,"F",1,"Yearling","up_valley",1,3035
"480",2012,171,"boulder",53,53,33,10,"F",2,"Adult","up_valley",2,3035
"481",2011,193,"mm_aspen",97,97,51,27,"F",1,"Yearling","up_valley",3,3062
"482",2012,187,"mm",40.5,40.5,7.5,1,"F",2,"Adult","up_valley",6,3062
"483",2012,181,"mm",93.5,78,45.5,12,"F",2,"Adult","up_valley",5,3062
"484",2011,175,"mm_aspen",94,89,81,1.5,"F",1,"Yearling","up_valley",2,3062
"485",2012,166,"mm",114.5,32,32,10,"F",2,"Adult","up_valley",4,3062
"486",2011,200,"mm",79,40,39,22,"F",1,"Yearling","up_valley",6,3062
"487",2011,194,"mm_aspen",35,24,24,1,"F",1,"Yearling","up_valley",4,3062
"488",2012,155,"mm",40,39,27,1,"F",2,"Adult","up_valley",3,3062
"489",2011,199,"mm",73,26,23,11,"F",1,"Yearling","up_valley",5,3062
"490",2011,171,"mm_aspen",99,89,53,1,"F",1,"Yearling","up_valley",1,3062
"491",2011,201,"mm",99,44,13,0.5,"F",1,"Yearling","up_valley",7,3062
"492",2012,143,"mm",69,57,57,10,"F",2,"Adult","up_valley",2,3062
"493",2012,136,"mm",84,61,50,10,"F",2,"Adult","up_valley",1,3062
"494",2013,190,"avalanche",57.5,47,47,2,"F",1,"Yearling","down_valley",2,3234
"495",2013,174,"avalanche",87,80.5,76,0,"F",1,"Yearling","down_valley",1,3234
"496",2013,183,"mm",59,51,48,0,"F",1,"Yearling","up_valley",3,3248
"497",2013,175,"mm_aspen",43,41,36,5,"F",1,"Yearling","up_valley",2,3248
"498",2013,169,"mm",64,62,58,0,"F",1,"Yearling","up_valley",1,3248
"499",2013,186,"mm",45.5,35,27,0,"F",1,"Yearling","up_valley",4,3248
"500",2012,168,"mm",93.5,61,60.5,1,"F",2,"Adult","up_valley",6,3063
"501",2011,210,"mm",97,82,59,5,"F",1,"Yearling","up_valley",5,3063
"502",2011,213,"mm",99,57,54,7,"F",1,"Yearling","up_valley",6,3063
"503",2011,166,"mm_aspen",105,91,56,3,"F",1,"Yearling","up_valley",1,3063
"504",2011,200,"mm",79,36,32,0.5,"F",1,"Yearling","up_valley",3,3063
"505",2011,193,"mm_aspen",62,62,61,17,"F",1,"Yearling","up_valley",2,3063
"506",2012,142,"mm",100,90,23,1,"F",2,"Adult","up_valley",3,3063
"507",2011,221,"mm_aspen",97,97,67,1,"F",1,"Yearling","up_valley",7,3063
"508",2012,137,"mm",106,106,90,1.5,"F",2,"Adult","up_valley",2,3063
"509",2012,136,"mm",105,105,71,1.5,"F",2,"Adult","up_valley",1,3063
"510",2012,165,"mm",133.5,86.5,84.5,12,"F",2,"Adult","up_valley",5,3063
"511",2011,201,"mm",98,57,57,0.5,"F",1,"Yearling","up_valley",4,3063
"512",2012,157,"mm",92,45,35,13,"F",2,"Adult","up_valley",4,3063
"513",2011,166,"mm_aspen",102,80,60,1,"M",1,"Yearling","up_valley",1,3112
"514",2011,175,"mm_aspen",94,62,55,1.5,"M",1,"Yearling","up_valley",2,3112
"515",2011,200,"mm",56,37,16,0.5,"F",1,"Yearling","up_valley",7,3067
"516",2011,179,"mm_aspen",82,79,77,15,"F",1,"Yearling","up_valley",2,3067
"517",2011,195,"mm_aspen",98,98,27,1.5,"F",1,"Yearling","up_valley",3,3067
"518",2012,166,"mm",86.5,40,10,1,"F",2,"Adult","up_valley",5,3067
"519",2012,168,"mm",68,58,35,1,"F",2,"Adult","up_valley",6,3067
"520",2011,221,"mm_aspen",67,50,18,1,"F",1,"Yearling","up_valley",9,3067
"521",2011,171,"mm_aspen",71,45,41,1,"F",1,"Yearling","up_valley",1,3067
"522",2012,136,"mm",99,99,45,0.5,"F",2,"Adult","up_valley",1,3067
"523",2011,201,"mm",99,52,14,0.5,"F",1,"Yearling","up_valley",8,3067
"524",2011,196,"mm",57,31,16,0.5,"F",1,"Yearling","up_valley",5,3067
"525",2012,152,"mm",67,67,53,1,"F",2,"Adult","up_valley",4,3067
"526",2012,137,"mm",64,64,18,1,"F",2,"Adult","up_valley",2,3067
"527",2011,198,"mm",83,33,29,8,"F",1,"Yearling","up_valley",6,3067
"528",2011,195,"mm_aspen",49,49,17,1,"F",1,"Yearling","up_valley",4,3067
"529",2012,187,"mm",32.5,23.5,20.5,1,"F",2,"Adult","up_valley",8,3067
"530",2012,185,"mm",20,20,16,1,"F",2,"Adult","up_valley",7,3067
"531",2012,142,"mm",69,57,13,1.5,"F",2,"Adult","up_valley",3,3067
"532",2013,236,"gothictown",17,13,6.1,1.5,"M",1,"Yearling","down_valley",1,3250
"533",2015,154,"boulder",41,41,25,3,"F",1,"Yearling","up_valley",1,3379
"534",2019,177,"gothictown",20.5,13.6,6.3,1,"F",5,"Adult","down_valley",1,3381
"535",2017,157,"gothictown",19.8,14.4,3,0.5,"F",3,"Adult","down_valley",1,3381
"536",2020,187,"gothictown",18,9,5.3,4,"F",6,"Adult","down_valley",1,3381
"537",2017,185,"gothictown",21,17.4,7.2,30,"F",3,"Adult","down_valley",4,3381
"538",2017,166,"gothictown",15.3,8,5,0.3,"F",3,"Adult","down_valley",3,3381
"539",2019,226,"gothictown",27.2,11.3,22,2,"F",5,"Adult","down_valley",5,3381
"540",2019,209,"gothictown",31,28,14.6,1,"F",5,"Adult","down_valley",4,3381
"541",2018,167,"gothictown",21,16.5,17,0.5,"F",4,"Adult","down_valley",1,3381
"542",2017,157,"gothictown",16.2,13.2,13.2,0.5,"F",3,"Adult","down_valley",2,3381
"543",2019,207,"gothictown",24,25,9.1,4,"F",5,"Adult","down_valley",3,3381
"544",2019,200,"gothictown",20.3,8,16,NA,"F",5,"Adult","down_valley",2,3381
"545",2017,194,"gothictown",23,18,18,1,"F",3,"Adult","down_valley",5,3381
"546",2020,218,"gothictown",72,63,23,21,"F",6,"Adult","down_valley",2,3381
"547",2015,196,"picnic_lower",28,28,16,10,"F",2,"Adult","up_valley",2,3297
"548",2015,194,"picnic_lower",32.5,32.5,24,7,"F",2,"Adult","up_valley",1,3297
"549",2017,191,"picnic_lower",28,25,20,30,"F",4,"Adult","up_valley",3,3297
"550",2017,197,"picnic_lower",33,30.9,30.9,5,"F",4,"Adult","up_valley",5,3297
"551",2017,178,"picnic_lower",22,20.1,14.7,6.9,"F",4,"Adult","up_valley",2,3297
"552",2017,201,"picnic_lower",23.7,22.7,18.7,7,"F",4,"Adult","up_valley",6,3297
"553",2017,195,"picnic_lower",25,25,20,6,"F",4,"Adult","up_valley",4,3297
"554",2017,170,"picnic_lower",22.4,21.1,15.7,3,"F",4,"Adult","up_valley",1,3297
"555",2015,168,"gothictown",18,18,4,1,"M",1,"Yearling","down_valley",1,3348
"556",2015,181,"gothictown",27,27,15,NA,"M",1,"Yearling","down_valley",2,3348
"557",2014,188,"picnic_lower",54,54,6,5,"M",1,"Yearling","up_valley",2,3291
"558",2014,166,"picnic_lower",71,41,38,3,"M",1,"Yearling","up_valley",1,3291
"559",2013,162,"gothictown",40,36,18,3,"M",1,"Yearling","down_valley",1,3150
"560",2017,201,"picnic_lower",99.2,65,50,2,"M",4,"Adult","up_valley",1,3281
"561",2017,156,"bench",34.2,28.4,6.9,0.5,"F",5,"Adult","down_valley",1,3175
"562",2019,199,"bench",47,40,12,4,"F",7,"Adult","down_valley",1,3175
"563",2013,177,"river_rivermound",100.5,55,17,0,"F",1,"Yearling","down_valley",3,3175
"564",2018,177,"bench",16,14,4,3,"F",6,"Adult","down_valley",1,3175
"565",2020,238,"bench",93,77,75,1.1,"F",8,"Adult","down_valley",1,3175
"566",2017,163,"bench",69.6,52.8,49.2,1,"F",5,"Adult","down_valley",2,3175
"567",2013,179,"river_rivermound",89,37,13,0,"F",1,"Yearling","down_valley",4,3175
"568",2014,169,"bench",112,54.5,14,2.5,"F",2,"Adult","down_valley",1,3175
"569",2015,159,"bench",32,32,22,4,"F",3,"Adult","down_valley",1,3175
"570",2015,174,"bench",38,38,37,2,"F",3,"Adult","down_valley",2,3175
"571",2013,174,"river_rivermound",62,42,37,1,"F",1,"Yearling","down_valley",2,3175
"572",2013,164,"river_rivermound",80,NA,55,20,"F",1,"Yearling","down_valley",1,3175
"573",2010,158,"mm",71,50,45,1,"M",1,"Yearling","up_valley",1,2957
"574",2015,173,"rvannex",158,139,81,1,"F",6,"Adult","down_valley",1,2853
"575",2010,200,"river",18,18,14,1,"M",1,"Yearling","down_valley",1,2938
"576",2010,151,"picnic_lower",108,94,94,12,"F",1,"Yearling","up_valley",1,2899
"577",2013,195,"picnic",84,78,67.5,0,"F",4,"Adult","up_valley",1,2899
"578",2012,144,"picnic",73,73,70,2.5,"F",3,"Adult","up_valley",1,2899
"579",2010,200,"river",34,23,9,0.5,"M",1,"Yearling","down_valley",1,2934
"580",2010,137,"gothictown",55,48,48,1,"F",1,"Yearling","down_valley",1,2895
"581",2010,182,"mm",70,35,18,1,"F",1,"Yearling","up_valley",2,2955
"582",2010,153,"mm",71,71,69,1,"F",1,"Yearling","up_valley",1,2955
"583",2010,191,"mm",47,22,19,20,"F",1,"Yearling","up_valley",4,2955
"584",2010,190,"mm",36,34,33,20,"F",1,"Yearling","up_valley",3,2955
"585",2011,194,"picnic_lower",40,23,9,3,"F",2,"Adult","up_valley",5,2950
"586",2011,202,"picnic_lower",36,32,27,4,"F",2,"Adult","up_valley",6,2950
"587",2013,192,"picnic",53,14,6.5,0,"F",4,"Adult","up_valley",1,2950
"588",2012,191,"picnic",18,18,5.5,1,"F",3,"Adult","up_valley",1,2950
"589",2014,174,"picnic_lower",91,91,85,15,"F",5,"Adult","up_valley",1,2950
"590",2010,225,"picnic_lower",32,32,30,7,"F",1,"Yearling","up_valley",1,2950
"591",2011,188,"picnic_lower",38,34,21,6,"F",2,"Adult","up_valley",2,2950
"592",2011,191,"picnic_lower",34,34,18,4,"F",2,"Adult","up_valley",4,2950
"593",2011,191,"picnic_lower",35,35,14,10,"F",2,"Adult","up_valley",3,2950
"594",2011,158,"picnic_lower",38,34,21,6,"F",2,"Adult","up_valley",1,2950
"595",2012,142,"picnic",40,40,36,9,"F",3,"Adult","up_valley",1,2975
"596",2017,191,"picnic_lower",25,24,23,1,"F",8,"Adult","up_valley",2,2975
"597",2017,195,"picnic_lower",13.8,10.3,9.2,4,"F",8,"Adult","up_valley",3,2975
"598",2017,178,"picnic_lower",16.1,10.3,10.3,8,"F",8,"Adult","up_valley",1,2975
"599",2012,159,"picnic",57,57,23,6,"F",3,"Adult","up_valley",2,2975
"600",2012,139,"boulder",48,46,44,2.5,"M",3,"Adult","up_valley",1,2953
"601",2011,193,"boulder",30,28,17,1.5,"M",2,"Adult","up_valley",1,2953
"602",2013,171,"avalanche",90,33.5,7,0,"F",1,"Yearling","down_valley",3,3235
"603",2013,161,"avalanche",25,2.5,2,0,"F",1,"Yearling","down_valley",1,3235
"604",2013,165,"avalanche",87,17,7,1,"F",1,"Yearling","down_valley",2,3235
"605",2013,162,"river",92.5,87,80,0,"F",2,"Adult","down_valley",2,3119
"606",2014,199,"bench",98,98,52,0.5,"F",3,"Adult","down_valley",1,3119
"607",2013,161,"bench",65,55,40,0,"F",2,"Adult","down_valley",1,3119
"608",2013,188,"picnic",81,79.5,56.5,0,"M",3,"Adult","up_valley",1,3081
"609",2015,193,"boulder",33,33,12,3,"F",5,"Adult","up_valley",3,2998
"610",2017,183,"northpk",107.4,66,46.2,1,"F",7,"Adult","up_valley",4,2998
"611",2014,169,"boulder",36,36,32,6,"F",4,"Adult","up_valley",1,2998
"612",2015,165,"boulder",157,35,28,NA,"F",5,"Adult","up_valley",1,2998
"613",2012,172,"boulder",54,54,24,3,"F",2,"Adult","up_valley",4,2998
"614",2011,205,"boulder",41,32,29,2,"F",1,"Yearling","up_valley",1,2998
"615",2017,186,"northpk",112.2,79.8,79.8,15,"F",7,"Adult","up_valley",5,2998
"616",2015,187,"boulder",40,15.3,10.3,3.5,"F",5,"Adult","up_valley",2,2998
"617",2017,183,"northpk",107.4,106.2,27.6,1,"F",7,"Adult","up_valley",3,2998
"618",2012,145,"boulder",49,44,42,2.5,"F",2,"Adult","up_valley",1,2998
"619",2012,170,"boulder",50,50,32,2.5,"F",2,"Adult","up_valley",2,2998
"620",2012,171,"boulder",52,52,32,2,"F",2,"Adult","up_valley",3,2998
"621",2013,167,"boulder",45.4,33.1,24,2,"F",3,"Adult","up_valley",1,2998
"622",2014,182,"boulder",41,41,18,2,"F",4,"Adult","up_valley",2,2998
"623",2017,167,"northpk",108.8,78.2,38.6,2,"F",7,"Adult","up_valley",1,2998
"624",2017,167,"northpk",108.8,78.2,38.6,2,"F",7,"Adult","up_valley",2,2998
"625",2011,195,"mm_maintalus",75,75,66,32,"M",1,"Yearling","up_valley",1,3105
"626",2010,166,"river_sagemound",80,74,74,6,"M",1,"Yearling","down_valley",1,2940
"627",2010,136,"bench",65.5,64.5,64.5,1.5,"M",1,"Yearling","down_valley",1,2868
"628",2010,170,"bench",30,24,20,1,"M",1,"Yearling","down_valley",4,2924
"629",2010,171,"bench",50,30,8,1,"M",1,"Yearling","down_valley",5,2924
"630",2010,163,"bench",45,34,32,5,"M",1,"Yearling","down_valley",2,2924
"631",2010,173,"bench",40,40,38,1,"M",1,"Yearling","down_valley",6,2924
"632",2010,169,"bench",47,36,29,5,"M",1,"Yearling","down_valley",3,2924
"633",2010,160,"bench",45,45,40,10,"M",1,"Yearling","down_valley",1,2924
"634",2015,165,"picnic_lower",157,157,17,0.6,"M",6,"Adult","up_valley",1,2970
"635",2010,183,"river",40,36,36,1,"M",1,"Yearling","down_valley",1,2916
"636",2010,194,"river_rivermound",72,60,55,1,"F",1,"Yearling","down_valley",1,2911
"637",2012,169,"avalanche",65,65,41,5,"M",3,"Adult","down_valley",4,2947
"638",2011,177,"avalanche",59,58,53,1,"M",2,"Adult","down_valley",1,2947
"639",2012,178,"avalanche",55,55,15,3,"M",3,"Adult","down_valley",7,2947
"640",2012,169,"avalanche",57,57,45,5,"M",3,"Adult","down_valley",5,2947
"641",2012,187,"avalanche",57,57,36,5,"M",3,"Adult","down_valley",8,2947
"642",2012,170,"avalanche",60,60,28,3,"M",3,"Adult","down_valley",6,2947
"643",2012,164,"avalanche",60,60,16,2,"M",3,"Adult","down_valley",3,2947
"644",2012,153,"avalanche",78,63,17,1,"M",3,"Adult","down_valley",2,2947
"645",2012,149,"avalanche",76,63,47,2,"M",3,"Adult","down_valley",1,2947
"646",2010,227,"gothictown",34,31,17,2,"F",1,"Yearling","down_valley",2,2904
"647",2010,170,"gothictown",40,33,6,5,"F",1,"Yearling","down_valley",1,2904
"648",2011,175,"mm_aspen",69,69,57,1.5,"M",2,"Adult","up_valley",1,2956
"649",2010,158,"mm",71,46,42,1,"M",1,"Yearling","up_valley",1,2956
"650",2010,184,"mm",54,26,20,1,"M",1,"Yearling","up_valley",3,2956
"651",2010,190,"mm",38,38,5,10,"M",1,"Yearling","up_valley",5,2956
"652",2010,162,"mm",72,53,26,1,"M",1,"Yearling","up_valley",2,2956
"653",2010,189,"mm",21,14,13,5,"M",1,"Yearling","up_valley",4,2956
"654",2010,200,"mm",63,22,20,5,"F",1,"Yearling","up_valley",1,2954
"655",2011,200,"mm",88,78,77,9,"F",2,"Adult","up_valley",1,2954
"656",2012,166,"bench",105,105,30,7,"F",3,"Adult","down_valley",2,2941
"657",2012,152,"bench",89,88,86,7,"F",3,"Adult","down_valley",1,2941
"658",2011,203,"river_rivermound",45,37,36,3,"F",2,"Adult","down_valley",3,2941
"659",2011,183,"river_rivermound",64,54,44,1,"F",2,"Adult","down_valley",2,2941
"660",2012,173,"bench",65,65,48,23,"F",3,"Adult","down_valley",3,2941
"661",2012,192,"bench",65,65,27,2,"F",3,"Adult","down_valley",6,2941
"662",2012,173,"bench",80,80,29,3,"F",3,"Adult","down_valley",4,2941
"663",2011,182,"river_rivermound",43,25,18,1,"F",2,"Adult","down_valley",1,2941
"664",2013,164,"bench",40,32,12,1,"F",4,"Adult","down_valley",1,2941
"665",2014,175,"bench",83,83,60,6,"F",5,"Adult","down_valley",1,2941
"666",2012,183,"bench",95,95,29,3.5,"F",3,"Adult","down_valley",5,2941
"667",2010,169,"bench",48,48,45,20,"M",1,"Yearling","down_valley",3,2871
"668",2010,163,"bench",26,23,16,1,"M",1,"Yearling","down_valley",1,2871
"669",2010,166,"bench",48,47,40,20,"M",1,"Yearling","down_valley",2,2871
"670",2010,170,"bench",30,15,9,1,"M",1,"Yearling","down_valley",3,2925
"671",2010,163,"bench",45,25,25,1,"M",1,"Yearling","down_valley",1,2925
"672",2010,169,"bench",46,41,35,10,"M",1,"Yearling","down_valley",2,2925
"673",2010,171,"bench",51,28,8,5,"M",1,"Yearling","down_valley",4,2925
"674",2010,163,"bench",44,34,33,10,"F",1,"Yearling","down_valley",2,2926
"675",2010,172,"bench",25,21,14,5,"F",1,"Yearling","down_valley",5,2926
"676",2010,157,"bench",30,30,30,10,"F",1,"Yearling","down_valley",1,2926
"677",2010,169,"bench",49,46,46,20,"F",1,"Yearling","down_valley",4,2926
"678",2010,176,"bench",55,35,20,1,"F",1,"Yearling","down_valley",6,2926
"679",2010,167,"bench",45,23,22,5,"F",1,"Yearling","down_valley",3,2926
"680",2010,195,"river_rivermound",70,52,41,2,"M",1,"Yearling","down_valley",1,2914
"681",2013,172,"picnic",98.5,79.5,66,0,"M",1,"Yearling","up_valley",1,3162
"682",2014,176,"picnic_lower",66,66,33,5,"M",2,"Adult","up_valley",1,3162
"683",2013,193,"picnic",47,34.5,31.5,0,"M",1,"Yearling","up_valley",2,3162
"684",2015,173,"bench",52,52,35,2,"F",3,"Adult","down_valley",2,3176
"685",2013,176,"river_rivermound",80.5,59,39,0,"F",1,"Yearling","down_valley",1,3176
"686",2015,159,"bench",55,55,28,1,"F",3,"Adult","down_valley",1,3176
"687",2016,213,"river_rivermound",45,31,20,1,"F",4,"Adult","down_valley",1,3176
"688",2013,164,"river_rivermound",60,54,30,1,"F",1,"Yearling","down_valley",2,3177
"689",2013,161,"river_rivermound",70,40,27,1,"F",1,"Yearling","down_valley",1,3177
"690",2012,149,"avalanche",94,94,79,50,"M",1,"Yearling","down_valley",1,3141
"691",2012,156,"mm",73,71,71,3.5,"M",1,"Yearling","up_valley",1,3133
"692",2011,193,"bench",38,31,21,1,"M",1,"Yearling","down_valley",2,3114
"693",2011,189,"bench",48,43,38,1,"M",1,"Yearling","down_valley",1,3114
"694",2011,198,"bench",38,28,10,1,"M",1,"Yearling","down_valley",3,3114
"695",2011,199,"bench",31,30,7,1,"M",1,"Yearling","down_valley",4,3114
"696",2011,181,"bench",40,25,5,1,"M",1,"Yearling","down_valley",1,3115
"697",2011,193,"bench",35,31,19,1,"M",1,"Yearling","down_valley",2,3115
"698",2013,174,"avalanche",93,77.5,46.5,0,"F",1,"Yearling","down_valley",2,3242
"699",2013,175,"avalanche",76,39,17.5,0,"F",1,"Yearling","down_valley",3,3242
"700",2013,161,"avalanche",50,30,4,0,"F",1,"Yearling","down_valley",1,3242
"701",2013,160,"avalanche",60,30,25,0,"F",1,"Yearling","down_valley",1,3236
"702",2013,161,"avalanche",50,30,16,0,"F",1,"Yearling","down_valley",2,3236
"703",2011,193,"bench",37,35,19,1,"M",1,"Yearling","down_valley",4,3116
"704",2011,199,"bench",28,27,3,1,"M",1,"Yearling","down_valley",6,3116
"705",2013,165,"avalanche",79,72,4,0,"M",3,"Adult","down_valley",3,3116
"706",2013,160,"avalanche",50,10,6,0,"M",3,"Adult","down_valley",1,3116
"707",2013,161,"avalanche",50,24,1.7,0,"M",3,"Adult","down_valley",2,3116
"708",2011,198,"bench",38,23,7,1,"M",1,"Yearling","down_valley",5,3116
"709",2011,189,"bench",30,25,4,1,"M",1,"Yearling","down_valley",3,3116
"710",2011,187,"bench",60,48,15,1,"M",1,"Yearling","down_valley",1,3116
"711",2013,172,"avalanche",83,55.5,9.5,0,"M",3,"Adult","down_valley",4,3116
"712",2011,188,"bench",25,24,24,1,"M",1,"Yearling","down_valley",2,3116
"713",2012,141,"mm",74,67,48,1.5,"M",1,"Yearling","up_valley",1,3134
"714",2012,155,"mm",68,68,64,37,"M",1,"Yearling","up_valley",3,3134
"715",2012,146,"mm",68,62,NA,1.5,"M",1,"Yearling","up_valley",2,3134
"716",2012,165,"bench",52,52,45,27,"F",1,"Yearling","down_valley",2,3144
"717",2013,174,"gothictown",49,44,36,2,"F",2,"Adult","down_valley",1,3144
"718",2012,164,"bench",71,71,58,12,"F",1,"Yearling","down_valley",1,3144
"719",2013,165,"avalanche",31.6,17.3,14.7,0,"F",1,"Yearling","down_valley",1,3237
"720",2013,175,"avalanche",66,66,6.5,0,"F",1,"Yearling","down_valley",4,3237
"721",2013,165,"avalanche",87,52,49,1,"F",1,"Yearling","down_valley",2,3237
"722",2013,171,"avalanche",136.5,121.5,121.5,0,"F",1,"Yearling","down_valley",3,3237
"723",2013,197,"picnic_lower",50,40,22.5,0,"M",1,"Yearling","up_valley",1,3163
"724",2014,176,"picnic_lower",54,54,37,4,"M",1,"Yearling","up_valley",1,3293
"725",2014,176,"picnic_lower",54,54,17,4,"M",1,"Yearling","up_valley",2,3293
"726",2014,189,"picnic_lower",46,46,22,2,"M",1,"Yearling","up_valley",3,3293
"727",2013,162,"gothictown",40,35,8,2,"M",1,"Yearling","down_valley",1,3152
"728",2013,170,"gothictown",13,7,3,0,"M",1,"Yearling","down_valley",2,3152
"729",2013,192,"picnic",52,46.5,36,0,"F",1,"Yearling","up_valley",1,3165
"730",2015,179,"picnic_lower",50,44,40,4,"F",3,"Adult","up_valley",1,3165
"731",2014,181,"picnic_lower",108,108,66,5,"F",2,"Adult","up_valley",1,3165
"732",2017,178,"picnic_lower",53.4,46.9,31.1,1,"F",5,"Adult","up_valley",1,3165
"733",2017,201,"picnic_lower",65,47,47.5,1,"F",5,"Adult","up_valley",5,3165
"734",2018,163,"picnic_lower",16,16,15,1,"F",6,"Adult","up_valley",1,3165
"735",2014,187,"picnic_lower",69,46,46,5,"F",2,"Adult","up_valley",2,3165
"736",2017,197,"picnic_lower",65,47,21,3,"F",5,"Adult","up_valley",4,3165
"737",2017,188,"picnic_lower",120,118,30,2,"F",5,"Adult","up_valley",3,3165
"738",2018,173,"picnic_lower",18,13.4,13,1,"F",6,"Adult","up_valley",2,3165
"739",2017,181,"picnic_lower",27.6,23,23,1,"F",5,"Adult","up_valley",2,3165
"740",2013,170,"mm_aspen",57,43,13,1,"M",1,"Yearling","up_valley",2,3188
"741",2013,163,"mm",53.4,46.3,46.3,4,"M",1,"Yearling","up_valley",1,3188
"742",2014,175,"mm_aspen",116,110,97,3,"F",2,"Adult","up_valley",1,3201
"743",2014,178,"mm_aspen",54,34,8,0,"F",2,"Adult","up_valley",2,3201
"744",2014,206,"mm_aspen",52,49,37,1,"F",2,"Adult","up_valley",5,3201
"745",2013,175,"mm_aspen",46,NA,36,15,"F",1,"Yearling","up_valley",1,3201
"746",2015,179,"mm",46,37,33,5,"F",3,"Adult","up_valley",1,3201
"747",2014,189,"mm_aspen",58,22,7.3,1,"F",2,"Adult","up_valley",4,3201
"748",2014,184,"mm_aspen",71,66,66,2,"F",2,"Adult","up_valley",3,3201
"749",2013,163,"mm",44,39.4,33.2,0,"M",1,"Yearling","up_valley",1,3202
"750",2013,169,"mm",75.5,39.5,17.5,0,"M",1,"Yearling","up_valley",2,3202
"751",2013,183,"mm",62.5,35.5,19.5,0,"M",1,"Yearling","up_valley",4,3202
"752",2013,170,"mm_aspen",52,38,26,1,"M",1,"Yearling","up_valley",3,3202
"753",2013,162,"gothictown",25,14,12,1,"M",1,"Yearling","down_valley",1,3153
"754",2015,181,"stonefield",184,171,45,13,"M",3,"Adult","up_valley",1,3153
"755",2018,168,"gothictown",27,11.5,6.5,NA,"F",6,"Adult","down_valley",4,3154
"756",2018,171,"gothictown",20,5.9,5.5,0.5,"F",6,"Adult","down_valley",5,3154
"757",2017,187,"gothictown",20.3,18,3,1,"F",5,"Adult","down_valley",3,3154
"758",2019,207,"gothictown",47,34,6.2,2,"F",7,"Adult","down_valley",4,3154
"759",2019,177,"gothictown",29.4,6,4.2,0,"F",7,"Adult","down_valley",1,3154
"760",2017,156,"gothictown",35.7,15.7,15,6.1,"F",5,"Adult","down_valley",1,3154
"761",2018,167,"gothictown",19,8,4,4,"F",6,"Adult","down_valley",3,3154
"762",2017,157,"gothictown",15.6,8.4,6,0.5,"F",5,"Adult","down_valley",2,3154
"763",2019,209,"gothictown",24,16,5.9,7,"F",7,"Adult","down_valley",5,3154
"764",2019,226,"gothictown",13.9,8.9,11.4,2,"F",7,"Adult","down_valley",6,3154
"765",2017,199,"gothictown",12.3,10,5,7,"F",5,"Adult","down_valley",4,3154
"766",2018,162,"gothictown",22.5,12,9,NA,"F",6,"Adult","down_valley",2,3154
"767",2018,176,"gothictown",17.2,5.3,3.5,0,"F",6,"Adult","down_valley",7,3154
"768",2015,182,"gothictown",17,17,10,NA,"F",3,"Adult","down_valley",2,3154
"769",2018,156,"gothictown",18.6,16.8,5,1,"F",6,"Adult","down_valley",1,3154
"770",2020,197,"gothictown",18,NA,3.2,NA,"F",8,"Adult","down_valley",2,3154
"771",2018,172,"gothictown",15.2,7.9,6.5,2,"F",6,"Adult","down_valley",6,3154
"772",2020,187,"gothictown",31,32,14,2.3,"F",8,"Adult","down_valley",1,3154
"773",2018,183,"gothictown",27.2,18.2,18.2,4,"F",6,"Adult","down_valley",8,3154
"774",2019,179,"gothictown",29.9,4.7,23.3,NA,"F",7,"Adult","down_valley",2,3154
"775",2015,175,"gothictown",30,30,25,0.5,"F",3,"Adult","down_valley",1,3154
"776",2019,200,"gothictown",18.5,3,16.4,NA,"F",7,"Adult","down_valley",3,3154
"777",2020,208,"gothictown",35,33,5,NA,"F",8,"Adult","down_valley",3,3154
"778",2014,167,"picnic_lower",58,42,36,3,"F",1,"Yearling","up_valley",1,3294
"779",2014,177,"picnic_lower",62,58,58,2,"M",1,"Yearling","up_valley",1,3282
"780",2014,170,"river_rivermound",66,66,55,1,"F",1,"Yearling","down_valley",1,3319
"781",2014,175,"river_rivermound",63,63,13,1,"M",1,"Yearling","down_valley",1,3266
"782",2015,180,"picnic_lower",69,69,56,10,"M",1,"Yearling","up_valley",2,3341
"783",2015,166,"picnic_lower",76,76,73,10,"M",1,"Yearling","up_valley",1,3341
"784",2020,188,"gothictown",17,14,10,2.1,"F",3,"Adult","down_valley",1,3597
"785",2018,161,"gothictown",21.5,10.5,1.8,NA,"F",1,"Yearling","down_valley",1,3597
"786",2019,207,"gothictown",27,25,11.3,3,"F",2,"Adult","down_valley",3,3597
"787",2018,167,"gothictown",22,21,4,0.5,"F",1,"Yearling","down_valley",2,3597
"788",2019,181,"gothictown",18.5,12.7,1.8,NA,"F",2,"Adult","down_valley",2,3597
"789",2020,202,"gothictown",30,11,5,NA,"F",3,"Adult","down_valley",2,3597
"790",2019,227,"gothictown",20.25,17.95,8.4,5,"F",2,"Adult","down_valley",4,3597
"791",2019,177,"gothictown",21.1,9.3,8.5,6,"F",2,"Adult","down_valley",1,3597
"792",2018,168,"gothictown",23,9.5,2,NA,"F",1,"Yearling","down_valley",3,3597
"793",2014,180,"picnic_lower",89,89,29,2,"F",1,"Yearling","up_valley",2,3275
"794",2015,191,"picnic_lower",37,32,18,4,"F",2,"Adult","up_valley",1,3275
"795",2014,176,"picnic_lower",90,90,25,5,"F",1,"Yearling","up_valley",1,3275
"796",2014,166,"picnic_lower",89,89,47,2,"F",1,"Yearling","up_valley",1,3276
"797",2014,166,"picnic_lower",70,70,55,3,"F",1,"Yearling","up_valley",1,3295
"798",2014,177,"picnic_lower",52,52,36,1,"F",1,"Yearling","up_valley",2,3295
"799",2015,180,"picnic_lower",35,31,30,1,"F",2,"Adult","up_valley",1,3300
"800",2014,180,"picnic_lower",50,50,37,3,"F",1,"Yearling","up_valley",3,3259
"801",2014,177,"picnic_lower",50,50,27,3,"F",1,"Yearling","up_valley",2,3259
"802",2014,173,"picnic_lower",75,75,60,3,"F",1,"Yearling","up_valley",1,3259
"803",2015,154,"picnic_lower",94,55,41,5.8,"M",2,"Adult","up_valley",1,3277
"804",2015,195,"mm_maintalus",170,95,90,5,"M",1,"Yearling","up_valley",1,3337
"805",2020,208,"gothictown",40,23,6,NA,"F",6,"Adult","down_valley",1,3349
"806",2020,234,"gothictown",35,28,11,4.2,"F",6,"Adult","down_valley",2,3349
"807",2015,182,"gothictown",18,18,11,3,"F",1,"Yearling","down_valley",2,3349
"808",2017,157,"gothictown",12,10.8,10.8,1,"F",3,"Adult","down_valley",1,3349
"809",2017,184,"gothictown",39.2,21.9,15.3,8,"F",3,"Adult","down_valley",2,3349
"810",2015,175,"gothictown",27,27,17,1,"F",1,"Yearling","down_valley",1,3349
"811",2019,207,"gothictown",33,22,14,3,"F",5,"Adult","down_valley",4,3349
"812",2019,209,"gothictown",28,25,13,3,"F",5,"Adult","down_valley",5,3349
"813",2017,199,"gothictown",50,6,6.1,7,"F",3,"Adult","down_valley",4,3349
"814",2017,194,"gothictown",43,39,36,6,"F",3,"Adult","down_valley",3,3349
"815",2019,181,"gothictown",33.8,6.9,15.2,10,"F",5,"Adult","down_valley",2,3349
"816",2019,200,"gothictown",23.1,10.9,21.6,NA,"F",5,"Adult","down_valley",3,3349
"817",2018,184,"gothictown",49.2,23,23,4,"F",4,"Adult","down_valley",1,3349
"818",2019,178,"gothictown",22.7,21,17,2,"F",5,"Adult","down_valley",1,3349
"819",2013,161,"river_rivermound",70,45,30,1,"F",1,"Yearling","down_valley",1,3178
"820",2018,193,"river_rivermound",17,13,12,2,"F",6,"Adult","down_valley",2,3178
"821",2015,204,"river_rivermound",109.4,53.4,50.4,0.5,"F",3,"Adult","down_valley",2,3178
"822",2017,157,"bench",50.3,41.9,21.1,1.9,"F",5,"Adult","down_valley",1,3178
"823",2015,201,"river_rivermound",69,62,55,8,"F",3,"Adult","down_valley",1,3178
"824",2018,177,"river_sagemound",49.2,12.2,12.2,4,"F",6,"Adult","down_valley",1,3178
"825",2013,162,"river_rivermound",52,43,10,0,"F",1,"Yearling","down_valley",2,3178
"826",2014,163,"picnic_lower",127,127,73,7,"M",2,"Adult","up_valley",1,3166
"827",2014,164,"picnic_lower",55,55,50,1,"M",2,"Adult","up_valley",2,3166
"828",2017,167,"boulder",34.8,25.8,22.2,2,"F",2,"Adult","up_valley",1,3469
"829",2017,183,"northpk",114.6,96,53.4,1,"F",2,"Adult","up_valley",3,3469
"830",2017,167,"boulder",34.8,25.8,22.2,2,"F",2,"Adult","up_valley",2,3469
"831",2018,173,"picnic_lower",23,18,18,1,"F",4,"Adult","up_valley",1,3395
"832",2017,173,"mm_maintalus",73.4,55.3,50.7,0.5,"F",2,"Adult","up_valley",2,3442
"833",2017,172,"mm_maintalus",120.6,103.2,81.6,1,"F",2,"Adult","up_valley",1,3442
"834",2015,151,"mm_maintalus",72,72,50,5,"F",1,"Yearling","up_valley",1,3339
"835",2015,179,"mm_maintalus",75,73,55,7,"F",1,"Yearling","up_valley",2,3339
"836",2017,157,"rvannex",38,34.6,27.6,11.9,"F",2,"Adult","down_valley",1,3459
"837",2019,212,"rvannex",42.4,36.46,9.4,1.2,"F",4,"Adult","down_valley",3,3459
"838",2017,200,"rvannex",50.2,6,6,2,"F",2,"Adult","down_valley",4,3459
"839",2017,201,"rvannex",38.4,22.8,3,1,"F",2,"Adult","down_valley",5,3459
"840",2019,199,"rvannex",58,39,7,1,"F",4,"Adult","down_valley",2,3459
"841",2017,164,"rvannex",68.4,45.6,6,0.5,"F",2,"Adult","down_valley",2,3459
"842",2017,178,"rvannex",58.2,52.2,39.6,29.4,"F",2,"Adult","down_valley",3,3459
"843",2020,209,"rvannex",59,NA,6,1,"F",5,"Adult","down_valley",2,3459
"844",2019,161,"rvannex",39.8,19.51,12.8,1.03,"F",4,"Adult","down_valley",1,3459
"845",2018,164,"rvannex",31,35,2,1,"F",3,"Adult","down_valley",1,3459
"846",2020,190,"rvannex",82,41,6,0.7,"F",5,"Adult","down_valley",1,3459
"847",2015,153,"picnic_lower",107,89,89,12.4,"F",1,"Yearling","up_valley",1,3370
"848",2020,209,"rvannex",59,NA,3,2,"F",5,"Adult","down_valley",1,3461
"849",2018,164,"rvannex",52,12,1,1,"F",3,"Adult","down_valley",1,3461
"850",2018,165,"rvannex",59.5,41.4,5.8,1,"F",3,"Adult","down_valley",2,3461
"851",2017,201,"rvannex",39,30,8.4,1,"F",2,"Adult","down_valley",3,3461
"852",2017,156,"rvannex",69.2,20.3,10.3,0.5,"F",2,"Adult","down_valley",1,3461
"853",2017,178,"rvannex",66.6,35.4,6,1,"F",2,"Adult","down_valley",2,3461
"854",2018,177,"rvannex",41,27,12,1,"F",3,"Adult","down_valley",3,3461
"855",2019,202,"rvannex",43.5,23.55,10.85,1,"F",4,"Adult","down_valley",1,3461
"856",2018,164,"mm_maintalus",49.5,46,42.5,NA,"M",1,"Yearling","up_valley",2,3592
"857",2018,163,"mm_maintalus",45.5,42.5,26,NA,"M",1,"Yearling","up_valley",1,3592
"858",2013,193,"picnic",101.5,66,20.5,0,"F",1,"Yearling","up_valley",1,3218
"859",2015,159,"bench",30,30,22,6.4,"M",1,"Yearling","down_valley",1,3424
"860",2015,174,"bench",49,48,39,4,"M",1,"Yearling","down_valley",2,3424
"861",2019,228,"gothictown",15.55,13.2,2.75,0.85,"M",1,"Yearling","down_valley",2,3727
"862",2019,226,"gothictown",20.9,10.8,12.3,1,"M",1,"Yearling","down_valley",1,3727
"863",2018,163,"picnic_lower",8,8,8,1,"F",4,"Adult","up_valley",1,3421
"864",2015,180,"picnic_lower",32,24,17,1,"F",1,"Yearling","up_valley",1,3421
"865",2017,186,"picnic_lower",40.3,7,7.3,10,"F",3,"Adult","up_valley",1,3421
"866",2018,173,"picnic_lower",12,10,6,1,"F",4,"Adult","up_valley",2,3421
"867",2013,169,"mm",60,57,52.5,0,"M",1,"Yearling","up_valley",1,3204
"868",2015,191,"picnic_lower",23,19,11,1,"M",1,"Yearling","up_valley",1,3371
"869",2015,182,"picnic_lower",25,17,15,1,"F",1,"Yearling","up_valley",1,3372
"870",2019,175,"boulder",37,33,19,1,"F",4,"Adult","up_valley",1,3510
"871",2020,209,"boulder",84,73,60,2.5,"F",5,"Adult","up_valley",1,3510
"872",2019,204,"boulder",32,26,20,2,"F",4,"Adult","up_valley",3,3510
"873",2019,191,"boulder",36,34,14,1,"F",4,"Adult","up_valley",2,3510
"874",2019,219,"boulder",35,30,28,1,"F",4,"Adult","up_valley",4,3510
"875",2018,195,"boulder",31,30,15,2,"F",3,"Adult","up_valley",1,3510
"876",2017,186,"boulder",42.6,27.6,15,2,"F",2,"Adult","up_valley",1,3510
"877",2020,209,"mm_aspen",131,104,104,1,"F",5,"Adult","up_valley",1,3443
"878",2018,157,"mm_aspen",93.1,82.5,65.1,1,"F",3,"Adult","up_valley",1,3443
"879",2017,174,"mm_maintalus",119.6,50.6,47.6,1,"F",2,"Adult","up_valley",1,3443
"880",2018,162,"gothictown",27.5,17,2.5,NA,"F",1,"Yearling","down_valley",1,3648
"881",2020,205,"gothictown",41,221,9,NA,"F",3,"Adult","down_valley",2,3648
"882",2020,187,"gothictown",14,13,10,2,"F",3,"Adult","down_valley",1,3648
"883",2018,172,"gothictown",6.2,3.9,3,0.2,"F",1,"Yearling","down_valley",4,3648
"884",2018,170,"gothictown",20.7,17.5,5.7,NA,"F",1,"Yearling","down_valley",2,3648
"885",2018,172,"gothictown",22.4,8.1,6,1,"F",1,"Yearling","down_valley",3,3648
"886",2020,230,"gothictown",40,NA,25,1,"F",3,"Adult","down_valley",3,3648
"887",2019,175,"mm_maintalus",40.1,20.5,5,NA,"F",4,"Adult","up_valley",1,3444
"888",2017,172,"mm_maintalus",123.6,123.6,89.4,1,"F",2,"Adult","up_valley",2,3444
"889",2017,171,"mm_maintalus",141.6,133.2,60,2,"F",2,"Adult","up_valley",1,3444
"890",2019,178,"mm_maintalus",90,54.4,51.4,1,"F",4,"Adult","up_valley",2,3444
"891",2017,174,"mm_maintalus",119.6,50.6,46.4,1,"F",2,"Adult","up_valley",3,3444
"892",2019,216,"mm_maintalus",112.2,92.7,72.2,1,"F",4,"Adult","up_valley",3,3444
"893",2018,200,"mm_maintalus",68,53,50,1,"F",3,"Adult","up_valley",2,3444
"894",2018,158,"mm_maintalus",68.9,57.3,22.3,1,"F",3,"Adult","up_valley",1,3444
"895",2017,170,"picnic_lower",19.3,10.5,10.5,0.5,"F",2,"Adult","up_valley",1,3494
"896",2017,186,"picnic_upper",33,27.6,27.6,4,"F",2,"Adult","up_valley",2,3494
"897",2017,195,"picnic_lower",19.6,15,13,3,"F",2,"Adult","up_valley",3,3494
"898",2017,202,"avalanche",98,71,71,1,"F",3,"Adult","down_valley",2,3392
"899",2017,176,"avalanche",75,70.7,61.1,0.5,"F",3,"Adult","down_valley",1,3392
"900",2015,187,"bench",130,99,89,2.5,"F",1,"Yearling","down_valley",1,3392
"901",2017,204,"avalanche",98,96,41,1,"F",3,"Adult","down_valley",3,3392
"902",2018,176,"gothictown",10.2,8.9,2.5,3,"F",1,"Yearling","down_valley",3,3627
"903",2018,152,"gothictown",32.3,23,3.2,1,"F",1,"Yearling","down_valley",1,3627
"904",2018,167,"gothictown",9,8,3,0.5,"F",1,"Yearling","down_valley",2,3627
"905",2018,171,"gothictown",22,8,4.8,2.3,"M",1,"Yearling","down_valley",4,3646
"906",2018,156,"gothictown",43,29.2,9.7,1,"M",1,"Yearling","down_valley",2,3646
"907",2018,155,"gothictown",15,7,6,1,"M",1,"Yearling","down_valley",1,3646
"908",2018,164,"gothictown",9,5,6,1,"M",1,"Yearling","down_valley",3,3646
"909",2020,217,"bench",57,43,43,1.2,"F",2,"Adult","down_valley",2,3730
"910",2020,202,"river_rivermound",138,138,117,8,"F",2,"Adult","down_valley",1,3730
"911",2017,162,"bench",29.4,29.4,25.2,1,"F",2,"Adult","down_valley",1,3457
"912",2017,165,"bench",28.8,16.2,16.2,0.1,"F",2,"Adult","down_valley",2,3457
"913",2017,180,"bench",27.6,21.6,18.6,2,"F",2,"Adult","down_valley",3,3457
"914",2012,156,"mm",72,70,64,37,"M",1,"Yearling","up_valley",3,3135
"915",2012,141,"mm",72,72,69,4.5,"M",1,"Yearling","up_valley",1,3135
"916",2012,150,"mm",71,71,64,35,"M",1,"Yearling","up_valley",2,3135
"917",2011,164,"river_rivermound",73,45,45,11,"M",1,"Yearling","down_valley",1,3044
"918",2013,230,"river",23,19,12,3,"F",2,"Adult","down_valley",1,3126
"919",2012,151,"river",66,66,44,1.5,"F",1,"Yearling","down_valley",1,3126
"920",2012,187,"gothictown",22,22,10,14.5,"M",2,"Adult","down_valley",2,3118
"921",2013,165,"gothictown",37,28,7,NA,"M",3,"Adult","down_valley",1,3118
"922",2012,173,"gothictown",18,18,2.5,0.5,"M",2,"Adult","down_valley",1,3118
"923",2013,199,"picnic",51,41.5,33,0,"F",1,"Yearling","up_valley",4,3224
"924",2013,197,"picnic",47.5,46.5,31.5,0,"F",1,"Yearling","up_valley",2,3224
"925",2013,198,"picnic",45.5,23,14,0,"F",1,"Yearling","up_valley",3,3224
"926",2013,195,"picnic",39.5,32.5,28,0,"F",1,"Yearling","up_valley",1,3224
"927",2013,183,"picnic",38.5,35.5,29,0,"F",1,"Yearling","up_valley",1,3226
"928",2015,183,"bench",45,13,9,1.6,"M",1,"Yearling","down_valley",1,3378
"929",2013,192,"picnic",82.5,58,58,0,"M",1,"Yearling","up_valley",1,3196
"930",2013,193,"picnic",47,30.5,27,0,"M",1,"Yearling","up_valley",2,3196
"931",2014,178,"mm_maintalus",37,37,9,0,"F",1,"Yearling","up_valley",3,3290
"932",2014,159,"mm_maintalus",61,23,23,1,"F",1,"Yearling","up_valley",1,3290
"933",2014,177,"mm_maintalus",68,68,4,0,"F",1,"Yearling","up_valley",2,3290
"934",2013,164,"avalanche",48,44,7,0,"F",1,"Yearling","down_valley",1,3238
"935",2013,172,"avalanche",71.5,47.5,18,0,"F",1,"Yearling","down_valley",2,3238
"936",2019,195,"river_rivermound",115,37.8,24.4,1,"M",6,"Adult","down_valley",1,3311
"937",2020,202,"river_sagemound",97,60,46,NA,"M",7,"Adult","down_valley",1,3311
"938",2018,165,"bench",86.75,75.95,75.95,2,"M",5,"Adult","down_valley",2,3311
"939",2020,236,"river_sprucemound",58,NA,2.3,0.6,"M",7,"Adult","down_valley",2,3311
"940",2018,164,"river_rivermound",45,28,34,5,"M",5,"Adult","down_valley",1,3311
"941",2013,174,"picnic",136.5,132,128.5,0,"M",1,"Yearling","up_valley",1,3200
"942",2013,188,"picnic",39.5,38.5,37,0,"M",1,"Yearling","up_valley",2,3200
"943",2013,198,"picnic",39,22,20,0,"M",1,"Yearling","up_valley",3,3200
"944",2017,172,"mm_maintalus",118.8,112.2,72,1,"M",1,"Yearling","up_valley",1,3527
"945",2017,172,"mm_maintalus",95,86,55.4,1,"M",1,"Yearling","up_valley",1,3526
"946",2017,170,"stonefield",125.4,96,66,1.5,"F",1,"Yearling","up_valley",1,3560
"947",2017,193,"mm_aspen",100,98,48,10,"M",1,"Yearling","up_valley",3,3528
"948",2017,173,"mm_aspen",63,48,27,1,"M",1,"Yearling","up_valley",1,3528
"949",2017,187,"mm_maintalus",119.4,116.4,72,3,"M",1,"Yearling","up_valley",2,3528
"950",2017,205,"mm_maintalus",112.8,51,48.6,1,"M",1,"Yearling","up_valley",2,3569
"951",2017,169,"northpk",51,27.6,22.8,3.6,"M",1,"Yearling","up_valley",1,3569
"952",2019,227,"mm_aspen",140,133.1,52,3,"F",3,"Adult","up_valley",1,3529
"953",2017,170,"mm_aspen",89.4,72.6,66.6,16.2,"F",1,"Yearling","up_valley",1,3529
"954",2018,158,"mm_aspen",76.6,55,26.1,1,"F",2,"Adult","up_valley",1,3529
"955",2019,228,"mm_aspen",72,71,61.6,0.5,"F",3,"Adult","up_valley",2,3529
"956",2017,193,"mm_maintalus",75,60,58,1,"F",1,"Yearling","up_valley",2,3529
"957",2017,158,"gothictown",20.4,15.6,12,0.5,"M",1,"Yearling","down_valley",1,3578
"958",2017,166,"gothictown",19.2,11.1,11.1,1,"M",1,"Yearling","down_valley",3,3578
"959",2017,162,"gothictown",16.2,10.2,4.8,1,"M",1,"Yearling","down_valley",2,3578
"960",2017,183,"gothictown",36.9,29.2,17.3,1,"F",1,"Yearling","down_valley",5,3582
"961",2017,162,"gothictown",16.2,10.2,9.6,1,"F",1,"Yearling","down_valley",3,3582
"962",2017,158,"gothictown",13.2,9.6,2.4,0.5,"F",1,"Yearling","down_valley",2,3582
"963",2017,167,"gothictown",22.3,10.7,8,3,"F",1,"Yearling","down_valley",4,3582
"964",2017,156,"gothictown",28.8,10.2,10.2,1,"F",1,"Yearling","down_valley",1,3582
"965",2017,169,"northpk",134.4,120.6,113.4,1,"F",1,"Yearling","up_valley",2,3572
"966",2017,166,"northpk",54.6,52.8,52.2,7.8,"F",1,"Yearling","up_valley",1,3572
"967",2019,181,"northpk",53.5,50.4,11.65,18.6,"F",3,"Adult","up_valley",1,3573
"968",2017,198,"northpk",166.8,156,122.4,21,"F",1,"Yearling","up_valley",1,3573
"969",2019,202,"northpk",34,23,2.6,4,"F",3,"Adult","up_valley",3,3573
"970",2017,205,"northpk",60,50.4,3,1,"F",1,"Yearling","up_valley",2,3573
"971",2019,191,"northpk",42,36,6.1,3,"F",3,"Adult","up_valley",2,3573
"972",2020,213,"northpk",181,NA,1.6,1.5,"F",4,"Adult","up_valley",1,3573
"973",2019,226,"northpk",25.5,24.45,4.1,2,"F",3,"Adult","up_valley",4,3573
"974",2018,195,"northpk",37,36,26,3,"F",2,"Adult","up_valley",2,3573
"975",2018,171,"northpk",41.4,21.6,2.3,0,"F",2,"Adult","up_valley",1,3573
"976",2018,164,"mm_maintalus",54,69.5,74,NA,"M",1,"Yearling","up_valley",1,3593
"977",2019,177,"gothictown",37.3,31.25,29.7,50,"F",1,"Yearling","down_valley",1,3724
"978",2019,181,"boulder",38.58,38.55,15.63,1.73,"F",3,"Adult","up_valley",2,3567
"979",2017,166,"northpk",55.2,32.4,31.2,1,"F",1,"Yearling","up_valley",1,3567
"980",2017,169,"northpk",73.2,64.8,61.2,1,"F",1,"Yearling","up_valley",2,3567
"981",2020,243,"northpk",91,86,52,0.6,"F",4,"Adult","up_valley",1,3567
"982",2017,178,"stonefield",106.8,99,91.8,1,"F",1,"Yearling","up_valley",3,3567
"983",2017,184,"stonefield",179.4,175.8,179.4,1,"F",1,"Yearling","up_valley",4,3567
"984",2019,175,"boulder",38,36,32,2,"F",3,"Adult","up_valley",1,3567
"985",2019,182,"bench",46.2,35.1,10.1,NA,"M",1,"Yearling","down_valley",1,3695
"986",2019,199,"bench",40,36,17,1,"M",1,"Yearling","down_valley",2,3695
"987",2018,172,"picnic_lower",47,23.5,18,3,"F",1,"Yearling","up_valley",1,3624
"988",2018,173,"picnic_lower",38,35,17,1,"F",1,"Yearling","up_valley",2,3624
"989",2018,175,"avalanche",50,50,50,0,"F",1,"Yearling","down_valley",1,3641
"990",2020,189,"avalanche",93,73,73,1.1,"F",3,"Adult","down_valley",1,3641
"991",2020,217,"avalanche",82,74,74,1,"F",3,"Adult","down_valley",2,3641
"992",2018,163,"picnic_lower",42,28,26,1,"M",1,"Yearling","up_valley",1,3625
"993",2018,164,"bench",31,26,17,1,"M",1,"Yearling","down_valley",1,3608
"994",2020,191,"northpk",112,92,35,0.9,"F",1,"Yearling","up_valley",1,3794
"995",2020,224,"northpk",60,NA,9,0.3,"F",1,"Yearling","up_valley",2,3794
"996",2019,176,"bench",17.6,15.7,9.1,1,"F",2,"Adult","down_valley",1,3605
"997",2019,182,"bench",48.2,45.1,37.4,7,"F",2,"Adult","down_valley",2,3605
"998",2020,210,"bench",79,31,26,5,"F",3,"Adult","down_valley",1,3605
"999",2020,210,"bench",77,31,9,1,"F",3,"Adult","down_valley",2,3653
"1000",2018,167,"bench",16,13,13,0.5,"F",1,"Yearling","down_valley",1,3653
"1001",2019,182,"bench",34.2,29,22.3,5,"F",2,"Adult","down_valley",1,3653
"1002",2019,212,"bench",22.6,20.2,2.76,0.45,"F",2,"Adult","down_valley",3,3653
"1003",2019,220,"bench",23,17.7,4.6,1,"F",2,"Adult","down_valley",4,3653
"1004",2019,199,"bench",39,27,9,1,"F",2,"Adult","down_valley",2,3653
"1005",2020,191,"bench",21,17,7,1.1,"F",3,"Adult","down_valley",1,3653
"1006",2019,209,"gothictown",36,30,19,3,"F",1,"Yearling","down_valley",1,3721
"1007",2020,191,"northpk",103,88,1.7,0.9,"F",2,"Adult","up_valley",1,3705
"1008",2019,218,"northpk",22.3,13.25,5.7,2,"F",1,"Yearling","up_valley",3,3705
"1009",2019,204,"northpk",56,38,29,7,"F",1,"Yearling","up_valley",2,3705
"1010",2019,191,"northpk",43,38,25,2,"F",1,"Yearling","up_valley",1,3705
"1011",2018,172,"picnic_lower",47,33,29,3,"M",1,"Yearling","up_valley",1,3626
"1012",2019,226,"gothictown",12.5,1.6,9.9,1,"F",1,"Yearling","down_valley",4,3709
"1013",2020,227,"gothictown",148,17,2.1,5,"F",2,"Adult","down_valley",2,3709
"1014",2020,234,"gothictown",36,18,8,NA,"F",2,"Adult","down_valley",3,3709
"1015",2019,183,"gothictown",24.1,2.5,14.7,NA,"F",1,"Yearling","down_valley",1,3709
"1016",2019,209,"gothictown",22,19,16,11,"F",1,"Yearling","down_valley",3,3709
"1017",2020,201,"gothictown",26,15,8,5,"F",2,"Adult","down_valley",1,3709
"1018",2019,200,"gothictown",18.5,5.5,8,5,"F",1,"Yearling","down_valley",2,3709
"1019",2019,175,"mm_maintalus",42.9,2.6,6.9,NA,"F",1,"Yearling","up_valley",1,3682
"1020",2019,190,"mm_maintalus",36.4,10.1,10.5,NA,"F",1,"Yearling","up_valley",2,3682
"1021",2019,181,"gothictown",21.2,16.9,12.6,15,"M",1,"Yearling","down_valley",1,3719
"1022",2019,175,"rvannex",26.4,24.65,11.55,1,"F",1,"Yearling","down_valley",1,3734
"1023",2019,218,"northpk",37.8,31.2,11.8,2,"M",1,"Yearling","up_valley",3,3703
"1024",2019,202,"northpk",39,28,9.7,2,"M",1,"Yearling","up_valley",2,3703
"1025",2019,181,"northpk",33,29.5,25.75,0.74,"M",1,"Yearling","up_valley",1,3703
"1026",2019,182,"gothictown",25.3,2.3,21.3,NA,"M",1,"Yearling","down_valley",1,3687
"1027",2020,203,"mm_aspen",130,130,86,NA,"M",2,"Adult","up_valley",1,3683
"1028",2019,203,"mm_aspen",46,39,31,1,"F",2,"Adult","up_valley",2,3588
"1029",2018,163,"mm_maintalus",55,43,40,NA,"F",1,"Yearling","up_valley",2,3588
"1030",2019,175,"mm_aspen",35.8,11.7,9,1,"F",2,"Adult","up_valley",1,3588
"1031",2018,171,"mm_maintalus",55,47,39.5,NA,"F",1,"Yearling","up_valley",3,3588
"1032",2020,205,"mm_aspen",169,110,103,29,"F",3,"Adult","up_valley",1,3588
"1033",2018,158,"mm_maintalus",76,53.8,45.5,1,"F",1,"Yearling","up_valley",1,3588
"1034",2019,216,"mm_aspen",121,75.2,49.6,3,"F",2,"Adult","up_valley",3,3588
"1035",2019,204,"northpk",58,44,26,2,"F",1,"Yearling","up_valley",1,3706
"1036",2020,232,"northpk",180,109,103,1,"F",2,"Adult","up_valley",1,3706
"1037",2019,228,"mm_maintalus",69,67,59.9,0.5,"F",2,"Adult","up_valley",2,3587
"1038",2018,163,"mm_maintalus",55,36.5,35,NA,"F",1,"Yearling","up_valley",1,3587
"1039",2018,195,"mm_maintalus",74,70,69,1,"F",1,"Yearling","up_valley",2,3587
"1040",2019,226,"mm_maintalus",95.3,78.3,77.05,1.02,"F",2,"Adult","up_valley",1,3587
"1041",2019,182,"bench",39.2,22.4,9.3,4,"F",2,"Adult","down_valley",1,3655
"1042",2018,164,"bench",31,28,8,1,"F",1,"Yearling","down_valley",1,3655
"1043",2019,202,"bench",24.9,11.2,4.15,1,"F",2,"Adult","down_valley",2,3655
"1044",2018,167,"bench",9,8,2.5,0.5,"F",1,"Yearling","down_valley",2,3655
"1045",2018,171,"mm_maintalus",55.5,42.5,42.5,NA,"F",1,"Yearling","up_valley",3,3589
"1046",2018,163,"mm_maintalus",79.5,43,37.5,NA,"F",1,"Yearling","up_valley",2,3589
"1047",2018,195,"mm_maintalus",74,72,70,1,"F",1,"Yearling","up_valley",4,3589
"1048",2018,158,"mm_maintalus",76,NA,56.6,1,"F",1,"Yearling","up_valley",1,3589
"1049",2019,211,"gothictown",36.8,16.8,6.25,1,"F",1,"Yearling","down_valley",6,3755
"1050",2019,209,"gothictown",26,21,11.3,1,"F",1,"Yearling","down_valley",5,3755
"1051",2019,195,"gothictown",22.75,20.1,4.97,0.54,"F",1,"Yearling","down_valley",3,3755
"1052",2019,177,"gothictown",19.3,8.95,3.6,3,"F",1,"Yearling","down_valley",1,3755
"1053",2019,200,"gothictown",13.9,4.3,11.6,NA,"F",1,"Yearling","down_valley",4,3755
"1054",2019,226,"gothictown",18.5,11.4,16.3,1,"F",1,"Yearling","down_valley",7,3755
"1055",2019,181,"gothictown",14.9,7.4,3.8,6,"F",1,"Yearling","down_valley",2,3755
"1056",2019,233,"gothictown",29.8,23.9,4.3,0,"F",1,"Yearling","down_valley",3,3693
"1057",2020,189,"horsemound",37,26,10,0.8,"F",2,"Adult","down_valley",1,3693
"1058",2019,175,"bench",18.6,11.7,4.2,0,"F",1,"Yearling","down_valley",1,3693
"1059",2019,182,"bench",20.6,17.1,5.9,8,"F",1,"Yearling","down_valley",2,3693
"1060",2019,177,"gothictown",27.8,12.1,11.1,1,"F",1,"Yearling","down_valley",1,3756
"1061",2019,226,"gothictown",25,10.8,22.9,NA,"F",1,"Yearling","down_valley",5,3756
"1062",2019,209,"gothictown",24,20,3.8,2,"F",1,"Yearling","down_valley",4,3756
"1063",2019,181,"gothictown",11.9,6.2,3.6,4,"F",1,"Yearling","down_valley",2,3756
"1064",2019,207,"gothictown",22,20,1.6,4,"F",1,"Yearling","down_valley",3,3756
"1065",2019,207,"gothictown",24,18,1.3,1,"M",1,"Yearling","down_valley",4,3761
"1066",2019,200,"gothictown",21.2,7.4,17.7,3,"M",1,"Yearling","down_valley",3,3761
"1067",2019,181,"gothictown",21.5,9.8,19.9,NA,"M",1,"Yearling","down_valley",2,3761
"1068",2020,197,"horsemound",188,62,26,NA,"M",2,"Adult","down_valley",1,3761
"1069",2020,212,"horsemound",38,22,17,0.8,"M",2,"Adult","down_valley",2,3761
"1070",2019,181,"gothictown",23.2,7.6,22,NA,"M",1,"Yearling","down_valley",1,3761
"1071",2020,209,"river_rivermound",117,103,35,6,"F",2,"Adult","down_valley",1,3696
"1072",2019,176,"river_rivermound",57.9,35.9,33.3,3,"F",1,"Yearling","down_valley",1,3696
"1073",2019,177,"mm_maintalus",153,NA,53,1,"F",1,"Yearling","up_valley",1,3679
"1074",2019,226,"gothictown",12.6,4.8,10.7,1,"F",1,"Yearling","down_valley",4,3712
"1075",2020,201,"gothictown",94,79,31,NA,"F",2,"Adult","down_valley",2,3712
"1076",2019,209,"gothictown",20,15,7.2,2,"F",1,"Yearling","down_valley",3,3712
"1077",2019,207,"gothictown",29,19,4,1,"F",1,"Yearling","down_valley",2,3712
"1078",2019,178,"gothictown",20.9,3.3,9.8,2,"F",1,"Yearling","down_valley",1,3712
"1079",2020,197,"gothictown",32,NA,10,1,"F",2,"Adult","down_valley",1,3712
"1080",2019,177,"mm_maintalus",226,212,166,1,"M",1,"Yearling","up_valley",1,3684
"1081",2019,203,"mm_maintalus",53,46,19.1,3,"M",1,"Yearling","up_valley",2,3681
"1082",2019,177,"mm_maintalus",142,NA,116,1,"M",1,"Yearling","up_valley",1,3681
"1083",2019,184,"gothictown",14.9,10.6,13.5,NA,"F",1,"Yearling","down_valley",1,3715
"1084",2020,223,"gothictown",38,NA,4.6,7,"F",1,"Yearling","down_valley",2,3766
"1085",2020,208,"gothictown",26,23,6,NA,"F",1,"Yearling","down_valley",1,3766
"1086",2020,191,"northpk",112,81,79,0.9,"F",1,"Yearling","up_valley",1,3792
"1087",2020,187,"gothictown",14,6,6,0,"F",1,"Yearling","down_valley",1,3762
"1088",2020,202,"gothictown",54,42,4.3,NA,"F",1,"Yearling","down_valley",2,3762
"1089",2019,175,"picnic_lower",48,38.6,36.6,2,"M",1,"Yearling","up_valley",1,3663
"1090",2019,224,"picnic_lower",42,42,16.1,2,"F",1,"Yearling","up_valley",1,3667
"1091",2019,228,"picnic_lower",46.3,28.9,16.4,1,"F",1,"Yearling","up_valley",2,3667
"1092",2019,224,"picnic_lower",42,42,17.2,2,"F",1,"Yearling","up_valley",1,3664
"1093",2019,227,"picnic_lower",26.16,22.7,18.15,1.05,"F",1,"Yearling","up_valley",2,3664
"1094",2020,205,"picnic_lower",150,82,44,4,"F",2,"Adult","up_valley",1,3664
"1095",2019,175,"picnic_lower",90,82.6,62.6,1,"M",1,"Yearling","up_valley",1,3665
"1096",2020,215,"picnic_lower",140,34,24,2.4,"M",2,"Adult","up_valley",1,3665
"1097",2019,176,"rvannex",29.8,17.9,0.75,1,"M",1,"Yearling","down_valley",1,3732
"1098",2020,189,"rvannex",63,NA,9,0.6,"F",2,"Adult","down_valley",1,3731
"1099",2020,209,"rvannex",59,NA,3,1.5,"F",2,"Adult","down_valley",2,3731
"1100",2020,210,"bench",79,NA,11,NA,"M",1,"Yearling","down_valley",3,3778
"1101",2020,187,"gothictown",16,6,2,NA,"M",1,"Yearling","down_valley",1,3778
"1102",2020,197,"gothictown",20,10,4.9,NA,"M",1,"Yearling","down_valley",2,3778
"1103",2020,190,"bench",32,26,7,4,"M",1,"Yearling","down_valley",1,3801
"1104",2019,224,"picnic_lower",39.1,36.6,15.8,2,"F",1,"Yearling","up_valley",2,3674
"1105",2019,219,"picnic_lower",91.5,69.8,36.5,2,"F",1,"Yearling","up_valley",1,3674
"1106",2020,192,"picnic_lower",155,32,32,3,"F",2,"Adult","up_valley",1,3674
"1107",2019,228,"picnic_lower",45.9,37.25,26.35,1,"F",1,"Yearling","up_valley",3,3674
"1108",2020,209,"picnic_lower",126,54,50,1,"F",2,"Adult","up_valley",2,3674
"1109",2003,148,"picnic",198,198,167.5,4,"F",14,"Adult","up_valley",1,1324
