year,col_area,valley_location,sex,summer_survival,combined_colony,predator_index,n_predator_observations,total_obslength_min,age,ageclass,massjun,ID_Code
2003,bench,down_valley,F,YES,rvbench,Low,2,9243,10,Adult,2904.775487,1541
2005,bench,down_valley,F,YES,rvbench,High,63,20299,12,Adult,2854.844374,1541
2004,bench,down_valley,F,YES,rvbench,High,16,20064,11,Adult,2951.268198,1541
2003,river,down_valley,F,YES,rvbench,Low,2,9243,11,Adult,2751.523272,1496
2004,river,down_valley,F,NO,rvbench,High,16,20064,12,Adult,2710.608115,1496
2003,river,down_valley,M,YES,rvbench,Low,2,9243,12,Adult,,4267
2004,river,down_valley,M,NO,rvbench,High,16,20064,13,Adult,,4267
2003,picnic_lower,up_valley,M,NO,picnic,High,21,6769,7,Adult,,1686
2006,picnic_upper,up_valley,F,YES,picnic,High,28,11295,7,Adult,3030.544945,4303
2008,picnic_upper,up_valley,F,NO,picnic,High,35,7309,9,Adult,2493.616785,4303
2005,picnic_upper,up_valley,F,YES,picnic,High,38,8519,6,Adult,2657.693321,4303
2004,picnic_lower,up_valley,F,YES,picnic,High,23,7579,5,Adult,2713.838117,4303
2007,picnic_upper,up_valley,F,YES,picnic,High,22,7669,8,Adult,2879.79997,4303
2003,picnic_lower,up_valley,F,YES,picnic,High,21,6769,4,Adult,2465.97352,4303
2004,picnic_lower,up_valley,F,YES,picnic,High,23,7579,5,Adult,3188.695209,1864
2003,picnic_lower,up_valley,F,YES,picnic,High,21,6769,4,Adult,2836.36213,1864
2005,picnic_lower,up_valley,F,YES,picnic,High,38,8519,6,Adult,2781.418094,1864
2006,picnic_lower,up_valley,F,YES,picnic,High,28,11295,7,Adult,3034.053874,1864
2008,picnic_lower,up_valley,F,YES,picnic,High,35,7309,9,Adult,2838.560967,1864
2007,picnic_lower,up_valley,F,YES,picnic,High,22,7669,8,Adult,2978.621367,1864
2004,mm,up_valley,M,YES,mm,High,9,12040,5,Adult,3782.987314,4304
2005,mm,up_valley,M,NO,mm,High,31,8455,6,Adult,,4304
2003,mm,up_valley,M,YES,mm,High,14,5699,4,Adult,3370.736566,4304
2006,mm,up_valley,F,YES,mm,Low,4,5363,12,Adult,2956.357661,1560
2005,mm,up_valley,F,YES,mm,High,31,8455,11,Adult,2714.061347,1560
2008,mm,up_valley,F,NO,mm,High,14,11519,14,Adult,,1560
2004,mm,up_valley,F,YES,mm,High,9,12040,10,Adult,3135.910304,1560
2003,mm,up_valley,F,YES,mm,High,14,5699,9,Adult,2759.950821,1560
2007,mm,up_valley,F,YES,mm,Low,6,8233,13,Adult,,1560
2006,picnic_lower,up_valley,F,YES,picnic,High,28,11295,10,Adult,2899.878796,1639
2005,picnic_lower,up_valley,F,YES,picnic,High,38,8519,9,Adult,2453.566034,1639
2004,picnic_lower,up_valley,F,YES,picnic,High,23,7579,8,Adult,2711.259691,1639
2003,picnic_lower,up_valley,F,YES,picnic,High,21,6769,7,Adult,2691.730922,1639
2004,river,down_valley,M,YES,rvbench,High,16,20064,8,Adult,4137.117908,4282
2006,river,down_valley,M,YES,rvbench,High,19,28027,10,Adult,3780.626366,4282
2007,river,down_valley,M,NO,rvbench,High,192,30573,11,Adult,3950.93482,4282
2005,river,down_valley,M,YES,rvbench,High,63,20299,9,Adult,3829.915798,4282
2003,river,down_valley,M,YES,rvbench,Low,2,9243,7,Adult,3612.68813,4282
2007,gothictown,down_valley,F,NO,gothictown,High,66,13565,9,Adult,2471.311231,1803
2004,gothictown,down_valley,F,YES,gothictown,High,14,8151,6,Adult,3596.273025,1803
2003,gothictown,down_valley,F,YES,gothictown,Low,7,20739,5,Adult,3093.332206,1803
2006,gothictown,down_valley,F,YES,gothictown,High,40,9588,8,Adult,2441.386623,1803
2005,gothictown,down_valley,F,YES,gothictown,High,38,8078,7,Adult,3142.38971,1803
2003,cliff,up_valley,F,YES,,Low,,,4,Adult,2726.556178,1849
2005,cliff,up_valley,F,YES,,Low,,,6,Adult,2785.531843,1849
2006,cliff,up_valley,F,NO,,Low,,,7,Adult,,1849
2004,cliff,up_valley,F,YES,cliff,High,3,148,5,Adult,3074.83945,1849
2005,boulder,up_valley,F,YES,boulder,Low,1,1643,7,Adult,2732.329143,1823
2003,boulder,up_valley,F,YES,boulder,High,10,30,5,Adult,2457.07466,1823
2006,boulder,up_valley,F,YES,boulder,High,2,430,8,Adult,3099.879168,1823
2004,mm,up_valley,M,YES,mm,High,9,12040,6,Adult,4118.323571,1787
2005,mm,up_valley,M,YES,mm,High,31,8455,7,Adult,,1787
2006,river,down_valley,F,YES,rvbench,High,19,28027,6,Adult,3330.258086,1896
2005,river,down_valley,F,YES,rvbench,High,63,20299,5,Adult,3011.709605,1896
2003,river,down_valley,F,YES,rvbench,Low,2,9243,3,Adult,2613.917006,1896
2004,river,down_valley,F,YES,rvbench,High,16,20064,4,Adult,3034.430504,1896
2004,cliff,up_valley,F,NO,cliff,High,3,148,2,Adult,2216.555967,2015
2004,mm_aspen,up_valley,M,NO,mm,High,9,12040,2,Adult,,2001
2004,river_rivermound,down_valley,F,YES,rvbench,High,16,20064,2,Adult,2309.148074,1973
2005,river,down_valley,F,YES,rvbench,High,63,20299,3,Adult,2365.617646,1973
2006,river_rivermound,down_valley,F,NO,rvbench,High,19,28027,4,Adult,,1973
2006,gothictown,down_valley,F,NO,gothictown,High,40,9588,8,Adult,,4300
2005,gothictown,down_valley,F,YES,gothictown,High,38,8078,7,Adult,2696.902671,4300
2003,gothictown,down_valley,F,YES,gothictown,Low,7,20739,5,Adult,2658.956638,4300
2004,gothictown,down_valley,F,YES,gothictown,High,14,8151,6,Adult,2734.750791,4300
2004,gothictown,down_valley,M,YES,gothictown,High,14,8151,4,Adult,,1924
2005,gothictown,down_valley,M,NO,gothictown,High,38,8078,5,Adult,,1924
2003,gothictown,down_valley,M,YES,gothictown,Low,7,20739,3,Adult,3240.036141,1924
2004,picnic_lower,up_valley,F,YES,picnic,High,23,7579,2,Adult,2230.429445,2004
2005,picnic_lower,up_valley,F,YES,picnic,High,38,8519,3,Adult,2363.146622,2004
2006,picnic_lower,up_valley,F,YES,picnic,High,28,11295,4,Adult,2619.294908,2004
2007,picnic_lower,up_valley,F,YES,picnic,High,22,7669,5,Adult,2725.57613,2004
2008,picnic_lower,up_valley,F,NO,picnic,High,35,7309,6,Adult,2520.521865,2004
2004,mm_aspen,up_valley,F,NO,mm,High,9,12040,2,Adult,,1999
2006,mm,up_valley,F,YES,mm,Low,4,5363,6,Adult,2492.539578,1901
2003,mm,up_valley,F,YES,mm,High,14,5699,3,Adult,2337.784543,1901
2005,mm,up_valley,F,YES,mm,High,31,8455,5,Adult,2331.391481,1901
2007,mm,up_valley,F,YES,mm,Low,6,8233,7,Adult,2634.333699,1901
2004,mm,up_valley,F,YES,mm,High,9,12040,4,Adult,2507.804329,1901
2008,mm,up_valley,F,NO,mm,High,14,11519,8,Adult,2344.415306,1901
2005,picnic,up_valley,F,YES,picnic,High,38,8519,3,Adult,2149.678866,2060
2006,picnic_lower,up_valley,F,NO,picnic,High,28,11295,4,Adult,2472.489897,2060
2004,picnic_upper,up_valley,F,YES,picnic,High,23,7579,2,Adult,1948.082987,2060
2007,boulder,up_valley,M,NO,boulder,High,1,120,5,Adult,,2007
2005,picnic_upper,up_valley,M,YES,picnic,High,38,8519,3,Adult,3358.650457,2007
2006,northpk,up_valley,M,YES,,Low,,,4,Adult,,2007
2005,mm,up_valley,F,YES,mm,High,31,8455,3,Adult,,2054
2004,picnic_lower,up_valley,F,YES,picnic,High,23,7579,2,Adult,2393.952605,2054
2006,mm,up_valley,F,NO,mm,Low,4,5363,4,Adult,,2054
2005,stonefield,up_valley,F,YES,stonefield,High,1,35,3,Adult,2626.53952,1986
2004,stonefield,up_valley,F,YES,stonefield,High,5,120,2,Adult,2355.875337,1986
2008,stonefield,up_valley,F,NO,stonefield,High,6,991,6,Adult,2711.946905,1986
2007,stonefield,up_valley,F,YES,stonefield,High,1,1030,5,Adult,2785.625179,1986
2006,stonefield,up_valley,F,YES,stonefield,Low,2,3927,4,Adult,2934.064909,1986
2004,river_southmound,down_valley,M,YES,rvbench,High,16,20064,2,Adult,,2027
2003,stonefield,up_valley,M,NO,stonefield,High,9,294,3,Adult,,4314
2004,stonefield,up_valley,F,NO,stonefield,High,5,120,3,Adult,2425.039994,1956
2003,stonefield,up_valley,F,YES,stonefield,High,9,294,2,Adult,2313.684614,1956
2006,river,down_valley,F,YES,rvbench,High,19,28027,9,Adult,3258.109716,1738
2004,river,down_valley,F,YES,rvbench,High,16,20064,7,Adult,3417.084428,1738
2008,river,down_valley,F,YES,rvbench,High,40,15736,11,Adult,2914.081704,1738
2010,river_sprucemound,down_valley,F,NO,rvbench,Low,23,33729,13,Adult,,1738
2007,river,down_valley,F,YES,rvbench,High,192,30573,10,Adult,3252.004881,1738
2003,river,down_valley,F,YES,rvbench,Low,2,9243,6,Adult,,1738
2005,river,down_valley,F,YES,rvbench,High,63,20299,8,Adult,3092.873301,1738
2009,river,down_valley,F,YES,rvbench,High,16,18733,12,Adult,3018.73091,1738
2004,picnic_upper,up_valley,F,YES,picnic,High,23,7579,3,Adult,2681.272792,1946
2003,picnic_upper,up_valley,F,YES,picnic,High,21,6769,2,Adult,2368.174495,1946
2006,picnic_upper,up_valley,F,YES,picnic,High,28,11295,5,Adult,2953.145018,1946
2007,picnic_upper,up_valley,F,NO,picnic,High,22,7669,6,Adult,2850.449378,1946
2005,picnic,up_valley,F,YES,picnic,High,38,8519,4,Adult,2578.98282,1946
2005,mm,up_valley,M,YES,mm,High,31,8455,3,Adult,3271.334602,2048
2005,picnic_lower,up_valley,F,NO,picnic,High,38,8519,5,Adult,,4316
2004,picnic,up_valley,F,YES,picnic,High,23,7579,4,Adult,2451.264096,4316
2003,picnic_middle,up_valley,F,YES,picnic,High,21,6769,3,Adult,2268.871355,4316
2003,picnic_upper,up_valley,M,YES,picnic,High,21,6769,4,Adult,2498.554753,4306
2005,picnic_upper,up_valley,M,YES,picnic,High,38,8519,6,Adult,2278.260518,4306
2004,picnic_upper,up_valley,M,YES,picnic,High,23,7579,5,Adult,2977.563841,4306
2004,stonefield,up_valley,F,NO,stonefield,High,5,120,5,Adult,2631.395187,4307
2003,stonefield,up_valley,F,YES,stonefield,High,9,294,4,Adult,2369.318511,4307
2008,northpk,up_valley,F,NO,northpk,High,6,359,9,Adult,2110.510856,4308
2007,northpk,up_valley,F,YES,northpk,High,1,90,8,Adult,2627.339511,4308
2003,stonefield,up_valley,F,YES,stonefield,High,9,294,4,Adult,2150.874677,4308
2006,northpk,up_valley,F,YES,,Low,,,7,Adult,2489.934124,4308
2004,river_southmound,down_valley,M,YES,rvbench,High,16,20064,2,Adult,,1983
2004,river_southmound,down_valley,F,NO,rvbench,High,16,20064,2,Adult,,1981
2004,picnic_lower,up_valley,F,YES,picnic,High,23,7579,4,Adult,2653.079781,4317
2006,picnic_upper,up_valley,F,YES,picnic,High,28,11295,6,Adult,3024.012962,4317
2003,picnic_lower,up_valley,F,YES,picnic,High,21,6769,3,Adult,2528.762252,4317
2007,picnic_lower,up_valley,F,NO,picnic,High,22,7669,7,Adult,,4317
2005,picnic_upper,up_valley,F,YES,picnic,High,38,8519,5,Adult,2507.464466,4317
2003,boulder,up_valley,M,NO,boulder,High,10,30,3,Adult,2576.892216,4318
2004,picnic_lower,up_valley,M,YES,picnic,High,23,7579,4,Adult,3547.373687,4319
2006,picnic_lower,up_valley,M,NO,picnic,High,28,11295,6,Adult,4397.795899,4319
2003,picnic_lower,up_valley,M,YES,picnic,High,21,6769,3,Adult,,4319
2005,picnic_lower,up_valley,M,YES,picnic,High,38,8519,5,Adult,3277.927269,4319
2005,picnic,up_valley,M,YES,picnic,High,38,8519,5,Adult,3361.681621,4320
2007,picnic,up_valley,M,NO,picnic,High,22,7669,7,Adult,3912.414573,4320
2006,picnic_upper,up_valley,M,YES,picnic,High,28,11295,6,Adult,4105.269842,4320
2003,picnic_middle,up_valley,M,YES,picnic,High,21,6769,3,Adult,2804.490963,4320
2004,picnic,up_valley,M,YES,picnic,High,23,7579,4,Adult,3558.696597,4320
2007,river,down_valley,F,YES,rvbench,High,192,30573,10,Adult,3308.506678,1739
2003,river,down_valley,F,YES,rvbench,Low,2,9243,6,Adult,3181.931945,1739
2008,river,down_valley,F,YES,rvbench,High,40,15736,11,Adult,2853.600894,1739
2005,river,down_valley,F,YES,rvbench,High,63,20299,8,Adult,3188.715193,1739
2006,river,down_valley,F,YES,rvbench,High,19,28027,9,Adult,3620.068915,1739
2009,river,down_valley,F,NO,rvbench,High,16,18733,12,Adult,3073.244126,1739
2004,river,down_valley,F,YES,rvbench,High,16,20064,7,Adult,3290.274366,1739
2003,picnic_lower,up_valley,M,NO,picnic,High,21,6769,4,Adult,3385.943465,4309
2004,mm_aspen,up_valley,M,NO,mm,High,9,12040,2,Adult,,2003
2007,picnic_upper,up_valley,F,YES,picnic,High,22,7669,5,Adult,2924.1472,2008
2011,picnic_lower,up_valley,F,NO,picnic,High,15,9938,9,Adult,,2008
2004,picnic_lower,up_valley,F,YES,picnic,High,23,7579,2,Adult,2380.331435,2008
2010,picnic_lower,up_valley,F,YES,picnic,High,21,7312,8,Adult,2971.805775,2008
2005,picnic_lower,up_valley,F,YES,picnic,High,38,8519,3,Adult,2385.530593,2008
2008,picnic_upper,up_valley,F,YES,picnic,High,35,7309,6,Adult,,2008
2009,picnic_upper,up_valley,F,YES,picnic,High,27,9204,7,Adult,2858.408141,2008
2006,picnic,up_valley,F,YES,picnic,High,28,11295,4,Adult,2713.48225,2008
2003,mm,up_valley,F,NO,mm,High,14,5699,3,Adult,2545.264621,1902
2004,picnic_lower,up_valley,M,NO,picnic,High,23,7579,2,Adult,2303.360151,1988
2005,river,down_valley,F,NO,rvbench,High,63,20299,3,Adult,2666.193974,2052
2004,river,down_valley,F,YES,rvbench,High,16,20064,2,Adult,2434.669596,2052
2007,picnic_lower,up_valley,F,YES,picnic,High,22,7669,5,Adult,2827.036083,2005
2004,picnic_lower,up_valley,F,YES,picnic,High,23,7579,2,Adult,2174.675179,2005
2005,picnic,up_valley,F,YES,picnic,High,38,8519,3,Adult,2346.697424,2005
2006,picnic_lower,up_valley,F,YES,picnic,High,28,11295,4,Adult,2710.486,2005
2004,picnic_lower,up_valley,F,YES,picnic,High,23,7579,2,Adult,2118.830913,2056
2005,picnic,up_valley,F,YES,picnic,High,38,8519,3,Adult,2319.629264,2056
2008,picnic_upper,up_valley,F,YES,picnic,High,35,7309,6,Adult,2729.126974,2056
2007,picnic,up_valley,F,YES,picnic,High,22,7669,5,Adult,2959.096807,2056
2010,picnic_lower,up_valley,F,NO,picnic,High,21,7312,8,Adult,2945.642888,2056
2009,picnic_middle,up_valley,F,YES,picnic,High,27,9204,7,Adult,2797.613048,2056
2006,picnic_lower,up_valley,F,YES,picnic,High,28,11295,4,Adult,2891.871159,2056
2004,picnic_lower,up_valley,F,YES,picnic,High,23,7579,2,Adult,2624.100799,1992
2005,picnic,up_valley,F,NO,picnic,High,38,8519,3,Adult,2717.721297,1992
2003,bench,down_valley,M,NO,rvbench,Low,2,9243,2,Adult,,1938
2004,stonefield,up_valley,M,NO,stonefield,High,5,120,3,Adult,3403.603905,1951
2003,stonefield,up_valley,M,YES,stonefield,High,9,294,2,Adult,2538.154816,1951
2003,gothictown,down_valley,F,YES,gothictown,Low,7,20739,2,Adult,2700.868567,1936
2009,gothictown,down_valley,F,NO,gothictown,High,67,17797,8,Adult,3280.447307,1936
2004,gothictown,down_valley,F,YES,gothictown,High,14,8151,3,Adult,3218.288033,1936
2006,gothictown,down_valley,F,YES,gothictown,High,40,9588,5,Adult,3383.504772,1936
2005,gothictown,down_valley,F,YES,gothictown,High,38,8078,4,Adult,3026.672036,1936
2007,gothictown,down_valley,F,YES,gothictown,High,66,13565,6,Adult,3418.242293,1936
2003,river,down_valley,M,NO,rvbench,Low,2,9243,2,Adult,,1968
2005,river,down_valley,F,NO,rvbench,High,63,20299,4,Adult,,1967
2003,river,down_valley,F,YES,rvbench,Low,2,9243,2,Adult,2571.659543,1967
2004,river_rivermound,down_valley,F,YES,rvbench,High,16,20064,3,Adult,,1967
2003,river,down_valley,F,YES,rvbench,Low,2,9243,2,Adult,2426.474044,1965
2005,river,down_valley,F,YES,rvbench,High,63,20299,4,Adult,2732.5096,1965
2004,river,down_valley,F,YES,rvbench,High,16,20064,3,Adult,2702.402288,1965
2006,river,down_valley,F,NO,rvbench,High,19,28027,5,Adult,2836.791626,1965
2003,river,down_valley,M,NO,rvbench,Low,2,9243,2,Adult,,1939
2005,river,down_valley,F,YES,rvbench,High,63,20299,3,Adult,2445.00335,1974
2004,river_rivermound,down_valley,F,YES,rvbench,High,16,20064,2,Adult,2469.198476,1974
2004,river_sprucemound,down_valley,M,NO,rvbench,High,16,20064,2,Adult,,2034
2004,gothictown,down_valley,M,YES,gothictown,High,14,8151,2,Adult,2851.203085,1979
2003,river,down_valley,F,NO,rvbench,Low,2,9243,6,Adult,,1740
2004,river_southmound,down_valley,F,YES,rvbench,High,16,20064,2,Adult,,2025
2004,gothictown,down_valley,F,NO,gothictown,High,14,8151,2,Adult,,2009
2004,river_southmound,down_valley,M,YES,rvbench,High,16,20064,2,Adult,,1985
2005,picnic_lower,up_valley,F,YES,picnic,High,38,8519,3,Adult,2484.797709,1995
2008,picnic_lower,up_valley,F,NO,picnic,High,35,7309,6,Adult,,1995
2006,picnic_lower,up_valley,F,YES,picnic,High,28,11295,4,Adult,3080.035461,1995
2004,picnic_lower,up_valley,F,YES,picnic,High,23,7579,2,Adult,2474.120168,1995
2007,picnic_lower,up_valley,F,YES,picnic,High,22,7669,5,Adult,3027.133451,1995
2004,gothictown,down_valley,F,NO,gothictown,High,14,8151,2,Adult,,2010
2005,boulder,up_valley,F,NO,boulder,Low,1,1643,3,Adult,2707.781533,2021
2007,picnic_lower,up_valley,F,YES,picnic,High,22,7669,5,Adult,3011.696854,1994
2005,picnic_lower,up_valley,F,YES,picnic,High,38,8519,3,Adult,2466.564767,1994
2008,picnic_lower,up_valley,F,YES,picnic,High,35,7309,6,Adult,2719.491707,1994
2004,picnic_lower,up_valley,F,YES,picnic,High,23,7579,2,Adult,2281.257313,1994
2006,picnic_lower,up_valley,F,YES,picnic,High,28,11295,4,Adult,2940.840698,1994
2004,picnic_lower,up_valley,M,NO,picnic,High,23,7579,2,Adult,,1996
2005,river,down_valley,F,YES,rvbench,High,63,20299,3,Adult,2862.82213,2031
2007,river,down_valley,F,YES,rvbench,High,192,30573,5,Adult,3254.081834,2031
2006,river,down_valley,F,YES,rvbench,High,19,28027,4,Adult,3335.802586,2031
2004,river,down_valley,F,YES,rvbench,High,16,20064,2,Adult,2625.158862,2031
2008,river_rivermound,down_valley,F,NO,rvbench,High,40,15736,6,Adult,,2031
2004,cliff,up_valley,F,NO,cliff,High,3,148,2,Adult,2139.130857,2017
2004,river_sprucemound,down_valley,M,YES,rvbench,High,16,20064,2,Adult,,2035
2003,picnic_lower,up_valley,F,YES,picnic,High,21,6769,4,Adult,2286.428704,1857
2004,picnic_lower,up_valley,F,YES,picnic,High,23,7579,5,Adult,2708.909107,1857
2005,picnic,up_valley,F,YES,picnic,High,38,8519,6,Adult,2578.172904,1857
2007,picnic_lower,up_valley,F,YES,picnic,High,22,7669,8,Adult,2897.117947,1857
2006,picnic_lower,up_valley,F,YES,picnic,High,28,11295,7,Adult,2815.276043,1857
2003,picnic,up_valley,F,NO,picnic,High,21,6769,4,Adult,,1862
2005,river,down_valley,F,NO,rvbench,High,63,20299,2,Adult,2755.047355,2100
2008,river,down_valley,F,YES,rvbench,High,40,15736,5,Adult,2497.946667,2101
2009,river,down_valley,F,NO,rvbench,High,16,18733,6,Adult,2928.149527,2101
2007,river,down_valley,F,YES,rvbench,High,192,30573,4,Adult,2926.642562,2101
2006,river,down_valley,F,YES,rvbench,High,19,28027,3,Adult,,2101
2005,river,down_valley,F,YES,rvbench,High,63,20299,2,Adult,2587.505373,2101
2005,bench,down_valley,F,NO,rvbench,High,63,20299,2,Adult,,2062
2006,gothictown,down_valley,F,YES,gothictown,High,40,9588,3,Adult,2627.785842,2085
2005,gothictown,down_valley,F,YES,gothictown,High,38,8078,2,Adult,2453.887145,2085
2007,bench,down_valley,F,YES,rvbench,High,192,30573,4,Adult,3263.12307,2063
2009,bench,down_valley,F,YES,rvbench,High,16,18733,6,Adult,3185.928201,2063
2010,bench,down_valley,F,YES,rvbench,Low,23,33729,7,Adult,3276.361349,2063
2006,bench,down_valley,F,YES,rvbench,High,19,28027,3,Adult,3054.837026,2063
2008,bench,down_valley,F,YES,rvbench,High,40,15736,5,Adult,2854.119841,2063
2005,bench,down_valley,F,YES,rvbench,High,63,20299,2,Adult,2646.968381,2063
2004,picnic,up_valley,F,YES,picnic,High,23,7579,2,Adult,1768.504572,3942
2005,picnic,up_valley,F,NO,picnic,High,38,8519,3,Adult,,3942
2010,boulder,up_valley,F,YES,,Low,,,3,Adult,2388.278409,2650
2009,boulder,up_valley,F,YES,boulder,High,1,698,2,Adult,2131.260239,2650
2011,boulder,up_valley,F,NO,boulder,High,5,3798,4,Adult,2245.704707,2650
2005,mm,up_valley,F,NO,mm,High,31,8455,2,Adult,2069.449066,2071
2004,picnic_middle,up_valley,F,YES,picnic,High,23,7579,2,Adult,1860.226846,2042
2006,picnic,up_valley,F,YES,picnic,High,28,11295,4,Adult,2213.423681,2042
2005,picnic_middle,up_valley,F,YES,picnic,High,38,8519,3,Adult,1971.436617,2042
2008,picnic_middle,up_valley,F,YES,picnic,High,35,7309,6,Adult,2082.535238,2042
2007,picnic_lower,up_valley,F,YES,picnic,High,22,7669,5,Adult,,2042
2009,mm,up_valley,M,YES,mm,Low,6,9903,6,Adult,4383.008198,2117
2007,mm,up_valley,M,YES,mm,Low,6,8233,4,Adult,4216.475643,2117
2005,mm,up_valley,M,YES,mm,High,31,8455,2,Adult,3377.072076,2117
2008,mm,up_valley,M,YES,mm,High,14,11519,5,Adult,3762.09143,2117
2006,mm,up_valley,M,YES,mm,Low,4,5363,3,Adult,4269.617464,2117
2003,picnic_lower,up_valley,M,NO,picnic,High,21,6769,2,Adult,2255.977222,4322
2010,gothictown,down_valley,F,YES,gothictown,High,84,13828,7,Adult,3522.57391,2088
2012,gothictown,down_valley,F,NO,gothictown,High,21,4340,9,Adult,3657.787618,2088
2008,gothictown,down_valley,F,YES,gothictown,High,64,9179,5,Adult,3073.461462,2088
2009,gothictown,down_valley,F,YES,gothictown,High,67,17797,6,Adult,3255.47023,2088
2007,gothictown,down_valley,F,YES,gothictown,High,66,13565,4,Adult,3399.981735,2088
2005,gothictown,down_valley,F,YES,gothictown,High,38,8078,2,Adult,2789.401539,2088
2011,gothictown,down_valley,F,YES,gothictown,High,11,15618,8,Adult,3013.930229,2088
2006,gothictown,down_valley,F,YES,gothictown,High,40,9588,3,Adult,3413.839778,2088
2005,river,down_valley,M,YES,rvbench,High,63,20299,2,Adult,3039.429688,2111
2006,river,down_valley,M,NO,rvbench,High,19,28027,3,Adult,,2111
2003,stonefield,up_valley,M,NO,stonefield,High,9,294,2,Adult,2350.32499,4323
2005,mm,up_valley,M,NO,mm,High,31,8455,2,Adult,3023.67083,2118
2006,stonefield,up_valley,F,YES,stonefield,Low,2,3927,2,Adult,2114.226267,2199
2004,northpk,up_valley,M,NO,northpk,High,3,1,2,Adult,1964.212148,3945
2005,boulder,up_valley,M,YES,boulder,Low,1,1643,2,Adult,2657.702643,2080
2007,boulder,up_valley,M,YES,boulder,High,1,120,4,Adult,3155.351527,2080
2008,northpk,up_valley,M,NO,northpk,High,6,359,5,Adult,2878.55563,2080
2006,boulder,up_valley,M,YES,boulder,High,2,430,3,Adult,3272.953714,2080
2007,mm,up_valley,F,NO,mm,Low,6,8233,4,Adult,,2073
2005,mm,up_valley,F,YES,mm,High,31,8455,2,Adult,2379.244818,2073
2006,mm,up_valley,F,YES,mm,Low,4,5363,3,Adult,2884.976325,2073
2006,horsemound,down_valley,F,YES,horsemound,Low,1,2900,2,Adult,2725.072086,2252
2007,horsemound,down_valley,F,NO,horsemound,High,10,4097,3,Adult,2654.831628,2252
2005,gothictown,down_valley,M,YES,gothictown,High,38,8078,3,Adult,3502.334332,4327
2006,gothictown,down_valley,M,YES,gothictown,High,40,9588,4,Adult,4480.236908,4327
2007,gothictown,down_valley,M,NO,gothictown,High,66,13565,5,Adult,,4327
2005,picnic_upper,up_valley,M,YES,picnic,High,38,8519,2,Adult,2950.201405,4335
2006,picnic,up_valley,M,NO,picnic,High,28,11295,3,Adult,3495.877768,4335
2008,northpk,up_valley,F,NO,northpk,High,6,359,4,Adult,2224.33858,2221
2008,picnic_lower,up_valley,M,NO,picnic,High,35,7309,3,Adult,,4344
2007,picnic_lower,up_valley,M,YES,picnic,High,22,7669,2,Adult,2747.927067,4344
2008,picnic_lower,up_valley,F,NO,picnic,High,35,7309,2,Adult,1861.208014,2407
2006,cliff,up_valley,F,YES,,Low,,,2,Adult,2329.846929,4338
2008,cliff,up_valley,F,NO,cliff,High,1,219,4,Adult,2758.472772,4338
2007,cliff,up_valley,F,YES,,Low,,,3,Adult,,4338
2008,stonefield,up_valley,M,YES,stonefield,High,6,991,2,Adult,2443.219715,2483
2007,boulder,up_valley,F,YES,boulder,High,1,120,3,Adult,2693.835894,2159
2006,boulder,up_valley,F,YES,boulder,High,2,430,2,Adult,2608.078724,2159
2008,boulder,up_valley,F,YES,boulder,High,5,297,4,Adult,2455.56032,2159
2005,picnic_lower,up_valley,M,YES,picnic,High,38,8519,2,Adult,2495.327038,3936
2006,picnic,up_valley,M,NO,picnic,High,28,11295,3,Adult,,3936
2010,gothictown,down_valley,F,YES,gothictown,High,84,13828,6,Adult,,2182
2009,gothictown,down_valley,F,YES,gothictown,High,67,17797,5,Adult,2807.293917,2182
2011,gothictown,down_valley,F,NO,gothictown,High,11,15618,7,Adult,,2182
2007,gothictown,down_valley,F,YES,gothictown,High,66,13565,3,Adult,2863.657478,2182
2006,gothictown,down_valley,F,YES,gothictown,High,40,9588,2,Adult,,2182
2008,gothictown,down_valley,F,YES,gothictown,High,64,9179,4,Adult,,2182
2008,boulder,up_valley,F,YES,boulder,High,5,297,4,Adult,2646.135213,2245
2007,boulder,up_valley,F,YES,boulder,High,1,120,3,Adult,2964.928034,2245
2006,boulder,up_valley,F,YES,boulder,High,2,430,2,Adult,2535.575141,2245
2009,boulder,up_valley,F,YES,boulder,High,1,698,5,Adult,2499.291747,2245
2007,gothictown,down_valley,F,YES,gothictown,High,66,13565,3,Adult,3551.380188,2235
2009,gothictown,down_valley,F,YES,gothictown,High,67,17797,5,Adult,3330.61653,2235
2006,gothictown,down_valley,F,YES,gothictown,High,40,9588,2,Adult,2909.633815,2235
2010,gothictown,down_valley,F,YES,gothictown,High,84,13828,6,Adult,3525.606452,2235
2011,gothictown,down_valley,F,YES,gothictown,High,11,15618,7,Adult,3234.956852,2235
2008,gothictown,down_valley,F,YES,gothictown,High,64,9179,4,Adult,3158.644014,2235
2012,gothictown,down_valley,F,NO,gothictown,High,21,4340,8,Adult,,2235
2007,bench,down_valley,M,YES,rvbench,High,192,30573,3,Adult,3062.794536,2205
2009,river,down_valley,M,NO,rvbench,High,16,18733,5,Adult,,2205
2008,bench,down_valley,M,YES,rvbench,High,40,15736,4,Adult,,2205
2005,gothictown,down_valley,F,YES,gothictown,High,38,8078,2,Adult,,3946
2006,gothictown,down_valley,F,NO,gothictown,High,40,9588,2,Adult,,2237
2006,cliff,up_valley,M,YES,,Low,,,4,Adult,,4329
2008,cliff,up_valley,M,NO,cliff,High,1,219,6,Adult,2952.038744,4329
2007,cliff,up_valley,M,YES,,Low,,,5,Adult,3407.900414,4329
2005,cliff,up_valley,M,YES,,Low,,,3,Adult,2784.146747,4329
2004,cliff,up_valley,M,YES,cliff,High,3,148,2,Adult,2917.676358,4329
2008,stonefield,up_valley,M,NO,stonefield,High,6,991,2,Adult,2579.389581,2414
2008,stonefield,up_valley,M,NO,stonefield,High,6,991,2,Adult,2651.115399,2485
2005,bench,down_valley,F,NO,rvbench,High,63,20299,2,Adult,2477.14853,4336
2007,gothictown,down_valley,M,NO,gothictown,High,66,13565,2,Adult,,2328
2006,bench,down_valley,F,NO,rvbench,High,19,28027,2,Adult,,2124
2008,gothictown,down_valley,M,YES,gothictown,High,64,9179,4,Adult,2939.903476,2183
2010,gothictown,down_valley,M,YES,gothictown,High,84,13828,6,Adult,2656.115295,2183
2007,gothictown,down_valley,M,YES,gothictown,High,66,13565,3,Adult,3592.057086,2183
2006,gothictown,down_valley,M,YES,gothictown,High,40,9588,2,Adult,3339.419887,2183
2009,gothictown,down_valley,M,YES,gothictown,High,67,17797,5,Adult,,2183
2006,gothictown,down_valley,M,NO,gothictown,High,40,9588,2,Adult,,2240
2008,stonefield,up_valley,M,NO,stonefield,High,6,991,2,Adult,2680.927227,2415
2010,river_rivermound,down_valley,M,NO,rvbench,Low,23,33729,8,Adult,,4330
2006,horsemound,down_valley,M,YES,horsemound,Low,1,2900,4,Adult,3378.873523,4330
2009,horsemound,down_valley,M,YES,horsemound,Low,3,4748,7,Adult,3364.319501,4330
2007,horsemound,down_valley,M,YES,horsemound,High,10,4097,5,Adult,3430.414054,4330
2008,horsemound,down_valley,M,YES,horsemound,High,4,2095,6,Adult,3192.314621,4330
2005,horsemound,down_valley,M,YES,horsemound,High,3,1362,3,Adult,2530.697449,4330
2004,river_rivermound,down_valley,M,YES,rvbench,High,16,20064,2,Adult,1844.796306,4330
2006,stonefield,up_valley,F,YES,stonefield,Low,2,3927,2,Adult,,2200
2007,stonefield,up_valley,F,NO,stonefield,High,1,1030,3,Adult,2567.989171,2200
2005,mm,up_valley,M,NO,mm,High,31,8455,2,Adult,,2075
2006,picnic_upper,up_valley,F,YES,picnic,High,28,11295,2,Adult,2323.211378,2209
2007,picnic_upper,up_valley,F,NO,picnic,High,22,7669,3,Adult,2520.597829,2209
2006,picnic_lower,up_valley,M,NO,picnic,High,28,11295,2,Adult,2999.422126,2210
2006,gothictown,down_valley,F,YES,gothictown,High,40,9588,2,Adult,2595.017692,2184
2008,gothictown,down_valley,F,YES,gothictown,High,64,9179,4,Adult,2432.196714,2184
2010,gothictown,down_valley,F,NO,gothictown,High,84,13828,6,Adult,,2184
2007,gothictown,down_valley,F,YES,gothictown,High,66,13565,3,Adult,2540.192248,2184
2009,gothictown,down_valley,F,YES,gothictown,High,67,17797,5,Adult,2644.49475,2184
2006,picnic_upper,up_valley,F,YES,picnic,High,28,11295,2,Adult,2024.581319,2133
2019,gothictown,down_valley,F,NO,gothictown,High,157,20334,2,Adult,,3649
2008,river,down_valley,M,YES,rvbench,High,40,15736,3,Adult,3558.207534,2310
2009,river,down_valley,M,NO,rvbench,High,16,18733,4,Adult,4280.582143,2310
2007,river_rivermound,down_valley,M,YES,rvbench,High,192,30573,2,Adult,3524.051957,2310
2006,picnic_upper,up_valley,M,NO,picnic,High,28,11295,2,Adult,,2138
2006,picnic_lower,up_valley,M,NO,picnic,High,28,11295,2,Adult,2825.578093,2141
2009,picnic_lower,up_valley,F,YES,picnic,High,27,9204,5,Adult,2321.914388,2142
2012,picnic_lower,up_valley,F,YES,picnic,High,11,10299,8,Adult,3445.36199,2142
2007,picnic_lower,up_valley,F,YES,picnic,High,22,7669,3,Adult,2940.04172,2142
2010,picnic_lower,up_valley,F,YES,picnic,High,21,7312,6,Adult,3090.992845,2142
2008,gothictown,down_valley,F,YES,gothictown,High,64,9179,4,Adult,2564.240445,2142
2006,picnic_lower,up_valley,F,YES,picnic,High,28,11295,2,Adult,2420.070379,2142
2013,picnic_lower,up_valley,F,YES,picnic,High,17,13644,9,Adult,2958.689818,2142
2014,picnic_lower,up_valley,F,NO,picnic,High,16,13924,10,Adult,2904.365973,2142
2008,gothictown,down_valley,F,YES,gothictown,High,64,9179,3,Adult,3265.558799,2329
2007,gothictown,down_valley,F,YES,gothictown,High,66,13565,2,Adult,3270.384684,2329
2009,gothictown,down_valley,F,YES,gothictown,High,67,17797,4,Adult,3478.144241,2329
2010,gothictown,down_valley,F,YES,gothictown,High,84,13828,5,Adult,3564.253392,2329
2008,picnic_lower,up_valley,M,YES,picnic,High,35,7309,2,Adult,2202.510931,2371
2009,river,down_valley,M,YES,rvbench,High,16,18733,2,Adult,,2663
2010,bench,down_valley,M,NO,rvbench,Low,23,33729,3,Adult,,2663
2008,northpk,up_valley,F,NO,northpk,High,6,359,2,Adult,1867.53869,2546
2008,northpk,up_valley,F,YES,northpk,High,6,359,2,Adult,1781.775988,2547
2009,northpk,up_valley,F,NO,northpk,Low,2,2859,3,Adult,1645.131177,2547
2010,river_rivermound,down_valley,F,YES,rvbench,Low,23,33729,3,Adult,2867.473167,2636
2009,river,down_valley,F,YES,rvbench,High,16,18733,2,Adult,2207.406919,2636
2004,gothictown,down_valley,M,NO,gothictown,High,14,8151,2,Adult,,4331
2004,mm,up_valley,M,NO,mm,High,9,12040,2,Adult,1692.241976,3937
2004,picnic_upper,up_valley,M,YES,picnic,High,23,7579,2,Adult,1690.371335,3940
2005,stonefield,up_valley,M,YES,stonefield,High,1,35,3,Adult,2956.837408,3940
2009,stonefield,up_valley,M,NO,stonefield,High,2,2675,7,Adult,,3940
2006,stonefield,up_valley,M,YES,stonefield,Low,2,3927,4,Adult,3826.729179,3940
2007,stonefield,up_valley,M,YES,stonefield,High,1,1030,5,Adult,3816.798255,3940
2008,stonefield,up_valley,M,YES,stonefield,High,6,991,6,Adult,,3940
2006,gothictown,down_valley,M,YES,gothictown,High,40,9588,2,Adult,3345.961625,2253
2007,gothictown,down_valley,M,NO,gothictown,High,66,13565,3,Adult,,2253
2005,picnic_lower,up_valley,M,NO,picnic,High,38,8519,2,Adult,,2107
2008,river,down_valley,F,YES,rvbench,High,40,15736,4,Adult,2753.285471,2206
2006,river,down_valley,F,YES,rvbench,High,19,28027,2,Adult,2748.116356,2206
2007,river,down_valley,F,YES,rvbench,High,192,30573,3,Adult,2854.499769,2206
2009,river,down_valley,F,YES,rvbench,High,16,18733,5,Adult,,2206
2005,gothictown,down_valley,F,YES,gothictown,High,38,8078,3,Adult,,4332
2004,gothictown,down_valley,F,YES,gothictown,High,14,8151,2,Adult,2456.648709,4332
2008,boulder,up_valley,F,YES,boulder,High,5,297,4,Adult,2469.028239,2161
2006,boulder,up_valley,F,YES,boulder,High,2,430,2,Adult,2421.214363,2161
2007,boulder,up_valley,F,YES,boulder,High,1,120,3,Adult,2585.159437,2161
2006,horsemound,down_valley,F,NO,horsemound,Low,1,2900,2,Adult,,2256
2006,boulder,up_valley,M,NO,boulder,High,2,430,2,Adult,,2162
2008,mm,up_valley,M,YES,mm,High,14,11519,4,Adult,3058.464095,2211
2009,mm,up_valley,M,YES,mm,Low,6,9903,5,Adult,3401.834044,2211
2007,mm,up_valley,M,YES,mm,Low,6,8233,3,Adult,3566.824577,2211
2006,mm,up_valley,M,YES,mm,Low,4,5363,2,Adult,2882.784468,2211
2010,picnic_upper,up_valley,M,NO,picnic,High,21,7312,6,Adult,,2211
2008,river,down_valley,F,YES,rvbench,High,40,15736,4,Adult,2837.583685,2127
2007,river_rivermound,down_valley,F,YES,rvbench,High,192,30573,3,Adult,3156.381177,2127
2009,river,down_valley,F,YES,rvbench,High,16,18733,5,Adult,2864.179284,2127
2010,bench,down_valley,F,YES,rvbench,Low,23,33729,6,Adult,3040.225428,2127
2006,river_rivermound,down_valley,F,YES,rvbench,High,19,28027,2,Adult,2712.293176,2127
2006,river_rivermound,down_valley,F,YES,rvbench,High,19,28027,2,Adult,2730.598063,2129
2007,river_rivermound,down_valley,F,YES,rvbench,High,192,30573,3,Adult,2934.816181,2129
2008,river,down_valley,F,YES,rvbench,High,40,15736,4,Adult,2713.179497,2129
2009,river,down_valley,F,YES,rvbench,High,16,18733,5,Adult,2648.334485,2129
2010,bench,down_valley,F,NO,rvbench,Low,23,33729,6,Adult,3087.630436,2129
2006,river_rivermound,down_valley,F,NO,rvbench,High,19,28027,2,Adult,,2157
2007,river_rivermound,down_valley,M,YES,rvbench,High,192,30573,5,Adult,3958.907619,4333
2006,river,down_valley,M,YES,rvbench,High,19,28027,4,Adult,3893.255148,4333
2008,bench,down_valley,M,NO,rvbench,High,40,15736,6,Adult,,4333
2005,river_rivermound,down_valley,M,YES,rvbench,High,63,20299,3,Adult,3305.928358,4333
2004,bench,down_valley,M,YES,rvbench,High,16,20064,2,Adult,3233.80744,4333
2004,gothictown,down_valley,M,NO,gothictown,High,14,8151,2,Adult,2611.578578,4334
2008,river_rivermound,down_valley,M,NO,rvbench,High,40,15736,4,Adult,,2232
2006,river,down_valley,M,YES,rvbench,High,19,28027,2,Adult,2857.34924,2232
2007,river_rivermound,down_valley,M,YES,rvbench,High,192,30573,3,Adult,3342.630654,2232
2010,boulder,up_valley,F,NO,,Low,,,6,Adult,2739.915718,2164
2007,boulder,up_valley,F,YES,boulder,High,1,120,3,Adult,2589.913974,2164
2006,boulder,up_valley,F,YES,boulder,High,2,430,2,Adult,2433.240339,2164
2008,boulder,up_valley,F,YES,boulder,High,5,297,4,Adult,2428.173144,2164
2009,boulder,up_valley,F,YES,boulder,High,1,698,5,Adult,2390.648098,2164
2006,gothictown,down_valley,F,NO,gothictown,High,40,9588,2,Adult,,2158
2006,bench,down_valley,F,YES,rvbench,High,19,28027,3,Adult,2943.203318,2066
2005,bench,down_valley,F,YES,rvbench,High,63,20299,2,Adult,2419.808138,2066
2007,bench,down_valley,F,YES,rvbench,High,192,30573,4,Adult,2330.290085,2066
2008,bench,down_valley,F,YES,rvbench,High,40,15736,5,Adult,2299.760247,2066
2010,bench,down_valley,F,YES,rvbench,Low,23,33729,7,Adult,3443.19894,2067
2009,bench,down_valley,F,YES,rvbench,High,16,18733,6,Adult,3307.456274,2067
2008,bench,down_valley,F,YES,rvbench,High,40,15736,5,Adult,,2067
2006,bench,down_valley,F,YES,rvbench,High,19,28027,3,Adult,3325.09875,2067
2007,bench,down_valley,F,YES,rvbench,High,192,30573,4,Adult,3332.375881,2067
2005,bench,down_valley,F,YES,rvbench,High,63,20299,2,Adult,2537.992731,2067
2005,mm,up_valley,M,NO,mm,High,31,8455,2,Adult,3062.570843,2119
2006,picnic_lower,up_valley,M,NO,picnic,High,28,11295,2,Adult,2956.665106,2249
2006,mm,up_valley,F,YES,mm,Low,4,5363,2,Adult,2545.152638,2144
2007,mm,up_valley,F,YES,mm,Low,6,8233,3,Adult,2809.679529,2144
2006,picnic_lower,up_valley,F,NO,picnic,High,28,11295,2,Adult,,2187
2006,mm,up_valley,M,NO,mm,Low,4,5363,2,Adult,2532.811086,2188
2007,mm,up_valley,F,YES,mm,Low,6,8233,3,Adult,2508.139388,2145
2006,mm,up_valley,F,YES,mm,Low,4,5363,2,Adult,2430.235542,2145
2008,mm,up_valley,F,YES,mm,High,14,11519,4,Adult,2417.90282,2145
2006,mm,up_valley,F,YES,mm,Low,4,5363,2,Adult,2585.627227,2190
2006,boulder,up_valley,F,YES,boulder,High,2,430,2,Adult,2623.107157,2165
2007,picnic_lower,up_valley,F,NO,picnic,High,22,7669,3,Adult,3028.641669,2197
2006,picnic_lower,up_valley,F,YES,picnic,High,28,11295,2,Adult,2727.892133,2197
2006,river,down_valley,F,NO,rvbench,High,19,28027,2,Adult,,2242
2007,picnic,up_valley,F,YES,picnic,High,22,7669,8,Adult,2810.3851,1865
2008,picnic_lower,up_valley,F,NO,picnic,High,35,7309,9,Adult,,1865
2005,picnic_lower,up_valley,F,YES,picnic,High,38,8519,6,Adult,2429.748495,1865
2006,picnic_lower,up_valley,F,YES,picnic,High,28,11295,7,Adult,2695.322574,1865
2003,picnic_lower,up_valley,F,YES,picnic,High,21,6769,4,Adult,2358.477208,1865
2004,picnic_lower,up_valley,F,YES,picnic,High,23,7579,5,Adult,2578.55624,1865
2011,gothictown,down_valley,F,NO,gothictown,High,11,15618,2,Adult,2411.537648,2901
2013,river_southmound,down_valley,F,YES,rvbench,Low,20,26418,10,Adult,2886.490343,2112
2014,river_sagemound,down_valley,F,NO,rvbench,Low,21,27776,11,Adult,,2112
2010,river_sprucemound,down_valley,F,YES,rvbench,Low,23,33729,7,Adult,3160.064589,2112
2005,river,down_valley,F,YES,rvbench,High,63,20299,2,Adult,2567.165772,2112
2008,river,down_valley,F,YES,rvbench,High,40,15736,5,Adult,2743.05539,2112
2012,river_southmound,down_valley,F,YES,rvbench,Low,6,22175,9,Adult,3457.006203,2112
2007,river,down_valley,F,YES,rvbench,High,192,30573,4,Adult,2957.532349,2112
2009,river,down_valley,F,YES,rvbench,High,16,18733,6,Adult,2755.726078,2112
2011,river_southmound,down_valley,F,YES,rvbench,Low,13,35825,8,Adult,2977.089743,2112
2006,river,down_valley,F,YES,rvbench,High,19,28027,3,Adult,2937.996826,2112
2005,river,down_valley,F,NO,rvbench,High,63,20299,2,Adult,,2103
2011,river_sprucemound,down_valley,F,YES,rvbench,Low,13,35825,8,Adult,3018.614152,2113
2007,river,down_valley,F,YES,rvbench,High,192,30573,4,Adult,2999.275445,2113
2006,river,down_valley,F,YES,rvbench,High,19,28027,3,Adult,3150.503128,2113
2005,river,down_valley,F,YES,rvbench,High,63,20299,2,Adult,2539.93257,2113
2012,river_rivermound,down_valley,F,YES,rvbench,Low,6,22175,9,Adult,3449.032008,2113
2010,river_sprucemound,down_valley,F,YES,rvbench,Low,23,33729,7,Adult,3257.437254,2113
2014,river_southmound,down_valley,F,NO,rvbench,Low,21,27776,11,Adult,,2113
2013,river_sprucemound,down_valley,F,YES,rvbench,Low,20,26418,10,Adult,3324.912145,2113
2008,river,down_valley,F,YES,rvbench,High,40,15736,5,Adult,2807.917194,2113
2009,river,down_valley,F,YES,rvbench,High,16,18733,6,Adult,3035.893341,2113
2005,gothictown,down_valley,M,NO,gothictown,High,38,8078,2,Adult,,2090
2003,gothictown,down_valley,M,YES,gothictown,Low,7,20739,2,Adult,,4324
2008,northpk,up_valley,F,NO,northpk,High,6,359,5,Adult,2247.775178,2122
2007,northpk,up_valley,F,YES,northpk,High,1,90,4,Adult,2347.592837,2122
2005,mm,up_valley,F,NO,mm,High,31,8455,2,Adult,2313.437014,2120
2007,gothictown,down_valley,M,YES,gothictown,High,66,13565,3,Adult,3611.59323,2263
2006,river,down_valley,M,YES,rvbench,High,19,28027,2,Adult,3119.999755,2263
2008,gothictown,down_valley,M,YES,gothictown,High,64,9179,4,Adult,3170.451123,2263
2010,river_sprucemound,down_valley,M,NO,rvbench,Low,23,33729,6,Adult,,2263
2009,gothictown,down_valley,M,YES,gothictown,High,67,17797,5,Adult,3537.104741,2263
2008,river,down_valley,F,YES,rvbench,High,40,15736,5,Adult,2787.344101,2116
2005,river,down_valley,F,YES,rvbench,High,63,20299,2,Adult,2550.457196,2116
2009,river,down_valley,F,YES,rvbench,High,16,18733,6,Adult,2956.400398,2116
2006,river,down_valley,F,YES,rvbench,High,19,28027,3,Adult,2905.779525,2116
2010,river_sprucemound,down_valley,F,YES,rvbench,Low,23,33729,7,Adult,3151.40728,2116
2007,river,down_valley,F,YES,rvbench,High,192,30573,4,Adult,3003.057749,2116
2003,boulder,up_valley,M,YES,boulder,High,10,30,2,Adult,2812.210821,3944
2007,picnic_upper,up_valley,F,YES,picnic,High,22,7669,2,Adult,2349.467664,2319
2008,picnic_lower,up_valley,F,YES,picnic,High,35,7309,3,Adult,2310.007481,2319
2009,picnic_middle,up_valley,F,YES,picnic,High,27,9204,4,Adult,2579.096851,2319
2010,picnic_lower,up_valley,F,NO,picnic,High,21,7312,5,Adult,2795.286587,2319
2007,picnic_lower,up_valley,F,YES,picnic,High,22,7669,2,Adult,1980.235038,2336
2008,picnic_lower,up_valley,F,NO,picnic,High,35,7309,3,Adult,,2336
2010,bench,down_valley,F,NO,rvbench,Low,23,33729,5,Adult,,2296
2009,bench,down_valley,F,YES,rvbench,High,16,18733,4,Adult,3022.339965,2296
2008,bench,down_valley,F,YES,rvbench,High,40,15736,3,Adult,2861.24826,2296
2007,bench,down_valley,F,YES,rvbench,High,192,30573,2,Adult,2954.553493,2296
2005,gothictown,down_valley,F,NO,gothictown,High,38,8078,2,Adult,2712.658499,4337
2012,picnic_lower,up_valley,M,YES,picnic,High,11,10299,7,Adult,3672.792763,2287
2013,picnic_lower,up_valley,M,YES,picnic,High,17,13644,8,Adult,,2287
2016,picnic_lower,up_valley,M,NO,picnic,High,14,10896,11,Adult,,2287
2010,boulder,up_valley,M,YES,,Low,,,5,Adult,2962.357833,2287
2009,picnic_lower,up_valley,M,YES,picnic,High,27,9204,4,Adult,3162.079122,2287
2011,picnic_lower,up_valley,M,YES,picnic,High,15,9938,6,Adult,2380.159108,2287
2008,picnic_lower,up_valley,M,YES,picnic,High,35,7309,3,Adult,2688.045303,2287
2007,picnic_lower,up_valley,M,YES,picnic,High,22,7669,2,Adult,2707.693717,2287
2015,picnic_lower,up_valley,M,YES,picnic,Low,9,13511,10,Adult,,2287
2008,mm,up_valley,F,NO,mm,High,14,11519,2,Adult,1848.903286,2374
2008,horsemound,down_valley,F,YES,horsemound,High,4,2095,3,Adult,2151.496086,2283
2007,horsemound,down_valley,F,YES,horsemound,High,10,4097,2,Adult,2524.006925,2283
2010,horsemound,down_valley,F,YES,,Low,,,5,Adult,3059.782803,2283
2009,horsemound,down_valley,F,YES,horsemound,Low,3,4748,4,Adult,2759.771576,2283
2011,horsemound,down_valley,F,YES,horsemound,Low,3,9985,6,Adult,2469.449939,2283
2008,mm,up_valley,M,NO,mm,High,14,11519,2,Adult,,2534
2004,picnic_upper,up_valley,M,YES,picnic,High,23,7579,2,Adult,1596.172531,3941
2005,stonefield,up_valley,M,YES,stonefield,High,1,35,3,Adult,2769.06244,3941
2006,stonefield,up_valley,M,NO,stonefield,Low,2,3927,4,Adult,,3941
2006,river,down_valley,M,YES,rvbench,High,19,28027,2,Adult,3695.441697,2264
2008,river,down_valley,M,YES,rvbench,High,40,15736,4,Adult,4014.949636,2264
2007,river,down_valley,M,YES,rvbench,High,192,30573,3,Adult,4409.221055,2264
2011,river_sagemound,down_valley,M,YES,rvbench,Low,13,35825,7,Adult,4035.157533,2264
2010,river_sprucemound,down_valley,M,YES,rvbench,Low,23,33729,6,Adult,4232.822475,2264
2012,river_rivermound,down_valley,M,YES,rvbench,Low,6,22175,8,Adult,4683.122001,2264
2009,river,down_valley,M,YES,rvbench,High,16,18733,5,Adult,,2264
2014,river_southmound,down_valley,M,YES,rvbench,Low,21,27776,10,Adult,3940.179736,2264
2015,river_rivermound,down_valley,M,YES,rvbench,Low,3,34688,11,Adult,,2264
2013,river_southmound,down_valley,M,YES,rvbench,Low,20,26418,9,Adult,,2264
2009,gothictown,down_valley,F,NO,gothictown,High,67,17797,2,Adult,,2620
2009,picnic,up_valley,M,NO,picnic,High,27,9204,3,Adult,,2443
2008,picnic_lower,up_valley,M,YES,picnic,High,35,7309,2,Adult,,2443
2009,horsemound,down_valley,M,YES,horsemound,Low,3,4748,2,Adult,2969.897614,2646
2010,river_rivermound,down_valley,M,NO,rvbench,Low,23,33729,3,Adult,,2646
2008,gothictown,down_valley,M,NO,gothictown,High,64,9179,2,Adult,3125.452395,2479
2008,picnic_middle,up_valley,M,NO,picnic,High,35,7309,2,Adult,,2535
2006,gothictown,down_valley,F,NO,gothictown,High,40,9588,2,Adult,2283.371114,4339
2008,mm,up_valley,F,YES,mm,High,14,11519,2,Adult,1919.1456,2537
2009,mm,up_valley,F,NO,mm,Low,6,9903,3,Adult,,2537
2008,mm,up_valley,F,YES,mm,High,14,11519,2,Adult,2088.232468,2491
2009,picnic_middle,up_valley,F,NO,picnic,High,27,9204,3,Adult,,2550
2007,picnic_middle,up_valley,M,NO,picnic,High,22,7669,2,Adult,1960.165769,2353
2007,picnic_upper,up_valley,M,YES,picnic,High,22,7669,2,Adult,2625.855542,4345
2008,picnic_middle,up_valley,M,NO,picnic,High,35,7309,3,Adult,2250.178918,4345
2010,river_rivermound,down_valley,F,YES,rvbench,Low,23,33729,3,Adult,3319.15876,2647
2009,river,down_valley,F,YES,rvbench,High,16,18733,2,Adult,2543.632122,2647
2008,picnic_upper,up_valley,M,YES,picnic,High,35,7309,2,Adult,2074.694509,2517
2009,mm,up_valley,M,NO,mm,Low,6,9903,2,Adult,,2555
2010,picnic_upper,up_valley,M,YES,picnic,High,21,7312,4,Adult,2775.082129,2363
2009,picnic_lower,up_valley,M,YES,picnic,High,27,9204,3,Adult,2897.374148,2363
2011,picnic_upper,up_valley,M,NO,picnic,High,15,9938,5,Adult,,2363
2008,picnic_upper,up_valley,M,YES,picnic,High,35,7309,2,Adult,2021.334909,2363
2008,picnic_lower,up_valley,F,YES,picnic,High,35,7309,2,Adult,2017.577931,2405
2009,picnic_lower,up_valley,F,YES,picnic,High,27,9204,3,Adult,2514.415764,2405
2009,mm,up_valley,M,NO,mm,Low,6,9903,2,Adult,,2698
2008,picnic_lower,up_valley,F,NO,picnic,High,35,7309,2,Adult,2010.264505,2452
2008,boulder,up_valley,M,NO,boulder,High,5,297,2,Adult,,2504
2008,picnic_upper,up_valley,F,NO,picnic,High,35,7309,2,Adult,1790.089947,2430
2012,mm_aspen,up_valley,F,NO,mm,Low,4,13270,5,Adult,3148.211107,2701
2011,mm_aspen,up_valley,F,YES,mm,High,11,14816,4,Adult,2183.235744,2701
2009,mm,up_valley,F,YES,mm,Low,6,9903,2,Adult,2050.810261,2701
2010,mm_aspen,up_valley,F,YES,mm,Low,8,12812,3,Adult,2406.938863,2701
2009,mm,up_valley,F,YES,mm,Low,6,9903,2,Adult,2413.431596,2699
2010,mm_aspen,up_valley,F,YES,mm,Low,8,12812,3,Adult,2835.923748,2699
2013,mm_maintalus,up_valley,F,YES,mm,High,14,15972,7,Adult,2797.09072,2410
2008,mm,up_valley,F,YES,mm,High,14,11519,2,Adult,2092.857686,2410
2012,mm_maintalus,up_valley,F,YES,mm,Low,4,13270,6,Adult,3007.567597,2410
2014,mm_maintalus,up_valley,F,YES,mm,High,18,13411,8,Adult,2702.858424,2410
2011,mm_maintalus,up_valley,F,YES,mm,High,11,14816,5,Adult,2270.979841,2410
2009,mm,up_valley,F,YES,mm,Low,6,9903,3,Adult,2041.778575,2410
2010,mm_maintalus,up_valley,F,YES,mm,Low,8,12812,4,Adult,2677.933248,2410
2015,mm_maintalus,up_valley,F,YES,mm,Low,2,16003,9,Adult,,2410
2016,mm_maintalus,up_valley,F,NO,mm,High,10,10160,10,Adult,2713.71427,2410
2008,mm,up_valley,M,NO,mm,High,14,11519,2,Adult,2158.923944,2411
2008,northpk,up_valley,F,NO,northpk,High,6,359,2,Adult,1754.320388,3947
2008,northpk,up_valley,M,NO,northpk,High,6,359,2,Adult,,2548
2008,northpk,up_valley,M,NO,northpk,High,6,359,2,Adult,2407.214747,4353
2007,cliff,up_valley,F,YES,,Low,,,2,Adult,2121.474618,4346
2010,northpk,up_valley,M,NO,northpk,High,4,632,4,Adult,,4354
2008,northpk,up_valley,M,YES,northpk,High,6,359,2,Adult,2851.3246,4354
2009,northpk,up_valley,M,YES,northpk,Low,2,2859,3,Adult,3252.724378,4354
2007,northpk,up_valley,M,NO,northpk,High,1,90,2,Adult,2406.971471,4347
2009,northpk,up_valley,F,NO,northpk,Low,2,2859,3,Adult,,3943
2008,northpk,up_valley,F,YES,northpk,High,6,359,2,Adult,2000.046633,3943
2009,northpk,up_valley,M,NO,northpk,Low,2,2859,2,Adult,1496.518638,2613
2008,northpk,up_valley,F,YES,northpk,High,6,359,2,Adult,1917.951225,2425
2009,northpk,up_valley,F,NO,northpk,Low,2,2859,3,Adult,2040.210525,2425
2009,boulder,up_valley,M,YES,boulder,High,1,698,2,Adult,2267.965241,2569
2007,northpk,up_valley,M,YES,northpk,High,1,90,2,Adult,2417.745828,4349
2010,northpk,up_valley,F,YES,northpk,High,4,632,5,Adult,2773.44586,4350
2007,northpk,up_valley,F,YES,northpk,High,1,90,2,Adult,2492.309284,4350
2008,northpk,up_valley,F,YES,northpk,High,6,359,3,Adult,2410.404771,4350
2009,northpk,up_valley,F,YES,northpk,Low,2,2859,4,Adult,2692.93769,4350
2007,northpk,up_valley,M,YES,northpk,High,1,90,2,Adult,2046.055526,4351
2008,northpk,up_valley,M,YES,northpk,High,6,359,3,Adult,1898.333976,4351
2009,northpk,up_valley,M,NO,northpk,Low,2,2859,4,Adult,2262.137114,4351
2012,picnic_lower,up_valley,F,YES,picnic,High,11,10299,5,Adult,2802.197326,2586
2011,picnic_lower,up_valley,F,YES,picnic,High,15,9938,4,Adult,2169.999443,2586
2010,picnic_lower,up_valley,F,YES,picnic,High,21,7312,3,Adult,2425.309517,2586
2014,picnic_lower,up_valley,F,NO,picnic,High,16,13924,7,Adult,2701.504463,2586
2009,picnic_lower,up_valley,F,YES,picnic,High,27,9204,2,Adult,2224.434127,2586
2009,gothictown,down_valley,F,NO,gothictown,High,67,17797,2,Adult,,2604
2009,northpk,up_valley,F,NO,northpk,Low,2,2859,3,Adult,,4355
2008,picnic_upper,up_valley,F,YES,picnic,High,35,7309,2,Adult,1993.448258,4355
2009,picnic_middle,up_valley,M,NO,picnic,High,27,9204,2,Adult,1793.982422,2705
2011,picnic_lower,up_valley,F,YES,picnic,High,15,9938,3,Adult,2123.57809,2825
2015,picnic_lower,up_valley,F,YES,picnic,Low,9,13511,7,Adult,2895.946529,2825
2012,picnic_lower,up_valley,F,YES,picnic,High,11,10299,4,Adult,2920.227646,2825
2013,picnic_lower,up_valley,F,YES,picnic,High,17,13644,5,Adult,2710.468083,2825
2014,picnic_lower,up_valley,F,YES,picnic,High,16,13924,6,Adult,2234.317662,2825
2016,picnic_lower,up_valley,F,YES,picnic,High,14,10896,8,Adult,2645.274398,2825
2017,picnic_upper,up_valley,F,NO,picnic,High,35,13568,9,Adult,2478.665454,2825
2010,picnic_lower,up_valley,F,YES,picnic,High,21,7312,2,Adult,2027.78618,2825
2009,picnic,up_valley,M,YES,picnic,High,27,9204,2,Adult,2039.881045,2561
2009,mm,up_valley,F,YES,mm,Low,6,9903,3,Adult,2438.397144,2538
2008,mm,up_valley,F,YES,mm,High,14,11519,2,Adult,1840.827629,2538
2013,mm_maintalus,up_valley,M,NO,mm,High,14,15972,6,Adult,,2638
2012,mm_aspen,up_valley,M,YES,mm,Low,4,13270,5,Adult,3759.04531,2638
2011,mm_aspen,up_valley,M,YES,mm,High,11,14816,4,Adult,2767.495402,2638
2010,gothictown,down_valley,F,NO,gothictown,High,84,13828,2,Adult,1969.770526,2731
2010,picnic_lower,up_valley,M,YES,picnic,High,21,7312,2,Adult,2440.261772,2713
2011,northpk,up_valley,M,NO,northpk,High,5,3128,3,Adult,2522.593705,2713
2010,bench,down_valley,M,NO,rvbench,Low,23,33729,2,Adult,3431.708306,2735
2010,picnic_lower,up_valley,F,NO,picnic,High,21,7312,2,Adult,,2772
2008,picnic_upper,up_valley,M,NO,picnic,High,35,7309,2,Adult,2432.459708,4356
2010,northpk,up_valley,M,YES,northpk,High,4,632,2,Adult,2404.330007,2845
2010,picnic_lower,up_valley,F,YES,picnic,High,21,7312,2,Adult,2193.796003,2711
2010,mm_maintalus,up_valley,M,NO,mm,Low,8,12812,2,Adult,,2715
2006,gothictown,down_valley,M,YES,gothictown,High,40,9588,2,Adult,3536.467662,4340
2010,gothictown,down_valley,M,NO,gothictown,High,84,13828,6,Adult,,4340
2008,gothictown,down_valley,M,YES,gothictown,High,64,9179,4,Adult,3392.063487,4340
2007,gothictown,down_valley,M,YES,gothictown,High,66,13565,3,Adult,3851.132737,4340
2009,gothictown,down_valley,M,YES,gothictown,High,67,17797,5,Adult,,4340
2009,picnic,up_valley,F,YES,picnic,High,27,9204,4,Adult,2315.715277,2323
2008,picnic_upper,up_valley,F,YES,picnic,High,35,7309,3,Adult,2390.184137,2323
2007,picnic_upper,up_valley,F,YES,picnic,High,22,7669,2,Adult,2366.745006,2323
2007,picnic_lower,up_valley,F,NO,picnic,High,22,7669,2,Adult,2426.118953,2317
2007,picnic_lower,up_valley,F,YES,picnic,High,22,7669,2,Adult,2218.168457,2324
2010,picnic_lower,up_valley,F,YES,picnic,High,21,7312,5,Adult,,2324
2012,picnic_upper,up_valley,F,YES,picnic,High,11,10299,7,Adult,2928.50441,2324
2011,northpk,up_valley,F,YES,northpk,High,5,3128,6,Adult,2294.909446,2324
2008,picnic_lower,up_valley,F,YES,picnic,High,35,7309,3,Adult,,2324
2009,picnic_lower,up_valley,F,YES,picnic,High,27,9204,4,Adult,2243.176747,2324
2013,picnic_lower,up_valley,F,YES,picnic,High,17,13644,8,Adult,,2324
2008,river,down_valley,M,NO,rvbench,High,40,15736,2,Adult,2284.539385,2511
2007,mm,up_valley,F,YES,mm,Low,6,8233,3,Adult,,4341
2008,northpk,up_valley,F,YES,northpk,High,6,359,4,Adult,2073.591291,4341
2006,northpk,up_valley,F,YES,,Low,,,2,Adult,2183.064743,4341
2009,northpk,up_valley,F,NO,northpk,Low,2,2859,5,Adult,,4341
2006,gothictown,down_valley,F,NO,gothictown,High,40,9588,2,Adult,2460.841212,4342
2009,stonefield,up_valley,F,YES,stonefield,High,2,2675,5,Adult,2369.953922,4343
2006,stonefield,up_valley,F,YES,stonefield,Low,2,3927,2,Adult,2249.185394,4343
2007,stonefield,up_valley,F,YES,stonefield,High,1,1030,3,Adult,2580.693586,4343
2008,stonefield,up_valley,F,YES,stonefield,High,6,991,4,Adult,2336.446797,4343
2009,mm,up_valley,M,NO,mm,Low,6,9903,2,Adult,,2558
2009,boulder,up_valley,F,YES,boulder,High,1,698,2,Adult,2241.029053,2617
2010,boulder,up_valley,F,YES,,Low,,,3,Adult,2165.865557,2617
2010,river_southmound,down_valley,F,NO,rvbench,Low,23,33729,2,Adult,2175.012764,2727
2009,boulder,up_valley,M,NO,boulder,High,1,698,2,Adult,,2652
2009,bench,down_valley,M,YES,rvbench,High,16,18733,3,Adult,,2520
2010,bench,down_valley,M,NO,rvbench,Low,23,33729,4,Adult,,2520
2008,bench,down_valley,M,YES,rvbench,High,40,15736,2,Adult,2548.303017,2520
2005,stonefield,up_valley,M,YES,stonefield,High,1,35,2,Adult,2350.646542,3939
2006,mm,up_valley,M,YES,mm,Low,4,5363,3,Adult,3151.121709,3939
2009,picnic_lower,up_valley,F,YES,picnic,High,27,9204,4,Adult,2180.772162,2318
2007,picnic_lower,up_valley,F,YES,picnic,High,22,7669,2,Adult,2245.031815,2318
2008,picnic_lower,up_valley,F,YES,picnic,High,35,7309,3,Adult,2103.496338,2318
2011,picnic_lower,up_valley,F,NO,picnic,High,15,9938,6,Adult,1951.310086,2318
2010,picnic_lower,up_valley,F,YES,picnic,High,21,7312,5,Adult,2481.926614,2318
2007,picnic_upper,up_valley,M,NO,picnic,High,22,7669,2,Adult,2335.234847,2301
2007,picnic_upper,up_valley,M,YES,picnic,High,22,7669,2,Adult,2138.575468,2360
2008,picnic_middle,up_valley,M,NO,picnic,High,35,7309,3,Adult,,2360
2008,picnic_lower,up_valley,M,YES,picnic,High,35,7309,3,Adult,2427.727886,2304
2007,picnic_lower,up_valley,M,YES,picnic,High,22,7669,2,Adult,2753.334764,2304
2008,mm,up_valley,F,YES,mm,High,14,11519,3,Adult,2638.499846,2357
2007,mm,up_valley,F,YES,mm,Low,6,8233,2,Adult,2511.172157,2357
2008,northpk,up_valley,F,NO,northpk,High,6,359,3,Adult,2543.722446,4352
2007,northpk,up_valley,F,YES,northpk,High,1,90,2,Adult,2553.693719,4352
2009,stonefield,up_valley,M,YES,stonefield,High,2,2675,2,Adult,,2626
2009,mm,up_valley,M,NO,mm,Low,6,9903,2,Adult,,2559
2009,picnic,up_valley,F,NO,picnic,High,27,9204,2,Adult,,2583
2009,stonefield,up_valley,F,NO,stonefield,High,2,2675,2,Adult,2350.880053,2564
2010,gothictown,down_valley,M,NO,gothictown,High,84,13828,2,Adult,2900.018495,2771
2011,gothictown,down_valley,F,YES,gothictown,High,11,15618,2,Adult,2578.830353,2891
2010,river_sprucemound,down_valley,F,NO,rvbench,Low,23,33729,2,Adult,2354.860271,2801
2010,river_sprucemound,down_valley,M,NO,rvbench,Low,23,33729,2,Adult,,2730
2014,gothictown,down_valley,F,NO,gothictown,High,17,8106,5,Adult,2764.174547,2864
2010,mm_maintalus,up_valley,F,YES,mm,Low,8,12812,2,Adult,2070.562229,2717
2011,mm_maintalus,up_valley,F,NO,mm,High,11,14816,3,Adult,2097.967394,2717
2013,river_rivermound,down_valley,M,YES,rvbench,Low,20,26418,4,Adult,3794.295528,2852
2014,river_rivermound,down_valley,M,NO,rvbench,Low,21,27776,5,Adult,,2852
2012,bench,down_valley,M,YES,rvbench,Low,6,22175,3,Adult,3944.404865,2852
2011,river_rivermound,down_valley,M,YES,rvbench,Low,13,35825,2,Adult,2103.148525,2852
2019,picnic_lower,up_valley,F,YES,picnic,High,48,12940,7,Adult,2695.959379,3161
2018,picnic_lower,up_valley,F,YES,picnic,High,65,15311,6,Adult,3189.585581,3161
2015,picnic_lower,up_valley,F,YES,picnic,Low,9,13511,3,Adult,2753.742368,3161
2020,picnic_lower,up_valley,F,YES,picnic,High,6,3555,8,Adult,3130.152205,3161
2017,picnic_lower,up_valley,F,YES,picnic,High,35,13568,5,Adult,2671.233591,3161
2016,picnic_lower,up_valley,F,YES,picnic,High,14,10896,4,Adult,2756.186447,3161
2014,picnic_lower,up_valley,F,YES,picnic,High,16,13924,2,Adult,2256.116141,3161
2011,gothictown,down_valley,F,NO,gothictown,High,11,15618,2,Adult,,2893
2020,gothictown,down_valley,M,YES,gothictown,Low,2,8799,3,Adult,4079.145134,3647
2011,horsemound,down_valley,M,YES,horsemound,Low,3,9985,3,Adult,3052.673672,2785
2010,horsemound,down_valley,M,YES,,Low,,,2,Adult,3219.175435,2785
2010,river_sprucemound,down_valley,F,NO,rvbench,Low,23,33729,2,Adult,,2728
2010,bench,down_valley,M,YES,rvbench,Low,23,33729,2,Adult,2638.718161,4360
2011,bench,down_valley,M,YES,rvbench,Low,13,35825,3,Adult,2723.374387,4360
2012,bench,down_valley,M,NO,rvbench,Low,6,22175,4,Adult,,4360
2011,river_rivermound,down_valley,M,NO,rvbench,Low,13,35825,2,Adult,2439.413563,2937
2013,gothictown,down_valley,F,YES,gothictown,High,39,11666,2,Adult,2308.991129,3145
2015,gothictown,down_valley,F,NO,gothictown,High,63,10615,4,Adult,,3145
2014,gothictown,down_valley,F,YES,gothictown,High,17,8106,3,Adult,2537.469829,3145
2014,picnic_upper,up_valley,F,YES,picnic,High,16,13924,4,Adult,2799.524414,3079
2015,picnic_upper,up_valley,F,NO,picnic,Low,9,13511,5,Adult,2969.397709,3079
2013,picnic_middle,up_valley,F,YES,picnic,High,17,13644,3,Adult,2578.040086,3079
2012,picnic_middle,up_valley,F,YES,picnic,High,11,10299,2,Adult,2569.628156,3079
2013,northpk,up_valley,F,NO,northpk,Low,1,3399,3,Adult,2750.446515,3076
2018,mm_maintalus,up_valley,F,YES,mm,High,26,15549,8,Adult,3100.917531,3070
2015,mm_aspen,up_valley,F,YES,mm,Low,2,16003,5,Adult,2971.378021,3070
2013,mm_aspen,up_valley,F,YES,mm,High,14,15972,3,Adult,2409.497059,3070
2016,mm_aspen,up_valley,F,YES,mm,High,10,10160,6,Adult,2684.624836,3070
2012,mm_maintalus,up_valley,F,YES,mm,Low,4,13270,2,Adult,2482.855683,3070
2017,mm_maintalus,up_valley,F,YES,mm,Low,10,14347,7,Adult,2790.609274,3070
2020,mm_maintalus,up_valley,F,NO,mm,Low,1,2778,10,Adult,,3070
2019,mm_maintalus,up_valley,F,YES,mm,High,21,11856,9,Adult,2499.411626,3070
2014,mm_aspen,up_valley,F,YES,mm,High,18,13411,4,Adult,2624.050872,3070
2012,mm_aspen,up_valley,M,NO,mm,Low,4,13270,2,Adult,3068.255605,3064
2010,stonefield,up_valley,M,NO,,Low,,,2,Adult,1862.208444,4361
2015,river_southmound,down_valley,F,YES,rvbench,Low,3,34688,5,Adult,3352.504431,3043
2017,river_sprucemound,down_valley,F,NO,rvbench,Low,5,24156,7,Adult,,3043
2016,river_southmound,down_valley,F,YES,rvbench,Low,10,14535,6,Adult,3416.604759,3043
2014,river_southmound,down_valley,F,YES,rvbench,Low,21,27776,4,Adult,3056.23694,3043
2012,river_rivermound,down_valley,F,YES,rvbench,Low,6,22175,2,Adult,3114.976053,3043
2010,picnic_upper,up_valley,M,NO,picnic,High,21,7312,2,Adult,2393.927851,4362
2009,mm,up_valley,M,YES,mm,Low,6,9903,2,Adult,2307.518212,4357
2010,mm_maintalus,up_valley,M,NO,mm,Low,8,12812,3,Adult,,4357
2010,mm,up_valley,M,YES,mm,Low,8,12812,2,Adult,3020.912408,4363
2011,mm_aspen,up_valley,M,NO,mm,High,11,14816,3,Adult,,4363
2012,boulder,up_valley,F,NO,boulder,Low,3,4985,2,Adult,2703.509099,3035
2012,mm_aspen,up_valley,F,YES,mm,Low,4,13270,2,Adult,2576.443968,3062
2013,mm_maintalus,up_valley,F,NO,mm,High,14,15972,3,Adult,,3062
2012,avalanche,down_valley,F,NO,avalanche,Low,3,11095,2,Adult,2076.062621,4372
2014,mm_maintalus,up_valley,F,NO,mm,High,18,13411,2,Adult,,3248
2012,mm_aspen,up_valley,F,YES,mm,Low,4,13270,2,Adult,2733.109478,3063
2013,mm_maintalus,up_valley,F,NO,mm,High,14,15972,3,Adult,,3063
2012,mm_maintalus,up_valley,M,NO,mm,Low,4,13270,2,Adult,,3112
2012,mm_aspen,up_valley,F,YES,mm,Low,4,13270,2,Adult,2936.9983,3067
2013,mm_maintalus,up_valley,F,NO,mm,High,14,15972,3,Adult,,3067
2012,bench,down_valley,M,NO,rvbench,Low,6,22175,2,Adult,,4374
2016,gothictown,down_valley,F,YES,gothictown,High,61,10358,2,Adult,2208.960823,3381
2017,gothictown,down_valley,F,YES,gothictown,High,41,20806,3,Adult,2629.485536,3381
2018,gothictown,down_valley,F,YES,gothictown,High,39,13692,4,Adult,2985.474781,3381
2019,gothictown,down_valley,F,YES,gothictown,High,157,20334,5,Adult,2673.738436,3381
2020,gothictown,down_valley,F,YES,gothictown,Low,2,8799,6,Adult,3022.299001,3381
2017,picnic_lower,up_valley,F,YES,picnic,High,35,13568,4,Adult,2345.674548,3297
2015,picnic_lower,up_valley,F,YES,picnic,Low,9,13511,2,Adult,2012.064477,3297
2016,picnic_lower,up_valley,F,YES,picnic,High,14,10896,3,Adult,2204.284334,3297
2017,picnic_lower,up_valley,M,YES,picnic,High,35,13568,4,Adult,2829.419705,3281
2018,picnic_lower,up_valley,M,YES,picnic,High,65,15311,5,Adult,3264.087335,3281
2016,picnic_lower,up_valley,M,YES,picnic,High,14,10896,3,Adult,2641.397008,3281
2015,picnic_upper,up_valley,M,YES,picnic,Low,9,13511,2,Adult,2232.853971,3281
2019,picnic_middle,up_valley,M,NO,picnic,High,48,12940,6,Adult,,3281
2018,bench,down_valley,F,YES,rvbench,Low,18,18652,6,Adult,3097.58351,3175
2016,bench,down_valley,F,YES,rvbench,Low,10,14535,4,Adult,,3175
2015,bench,down_valley,F,YES,rvbench,Low,3,34688,3,Adult,2662.11371,3175
2017,river_rivermound,down_valley,F,YES,rvbench,Low,5,24156,5,Adult,2870.801866,3175
2020,bench,down_valley,F,YES,rvbench,Low,5,9475,8,Adult,3107.982418,3175
2014,bench,down_valley,F,YES,rvbench,Low,21,27776,2,Adult,2422.496623,3175
2019,river_rivermound,down_valley,F,YES,rvbench,Low,23,15854,7,Adult,2718.615977,3175
2010,picnic_upper,up_valley,M,YES,picnic,High,21,7312,2,Adult,2633.694774,4364
2013,northpk,up_valley,M,YES,northpk,Low,1,3399,5,Adult,3108.326761,4364
2014,northpk,up_valley,M,NO,northpk,Low,3,2445,6,Adult,,4364
2017,river_southmound,down_valley,F,NO,rvbench,Low,5,24156,8,Adult,,2853
2016,rvannex,down_valley,F,YES,rvbench,Low,10,14535,7,Adult,2710.011109,2853
2015,rvannex,down_valley,F,YES,rvbench,Low,3,34688,6,Adult,2716.745213,2853
2012,rvannex,down_valley,F,YES,rvbench,Low,6,22175,3,Adult,2570.107506,2853
2010,bench,down_valley,M,NO,rvbench,Low,23,33729,2,Adult,1950.569024,4365
2011,river_rivermound,down_valley,F,NO,rvbench,Low,13,35825,2,Adult,1952.666878,2939
2011,picnic_lower,up_valley,F,YES,picnic,High,15,9938,2,Adult,1954.554196,2899
2015,picnic_lower,up_valley,F,YES,picnic,Low,9,13511,6,Adult,3053.738995,2899
2016,picnic_lower,up_valley,F,NO,picnic,High,14,10896,7,Adult,,2899
2012,picnic_lower,up_valley,F,YES,picnic,High,11,10299,3,Adult,3138.397321,2899
2013,picnic_lower,up_valley,F,YES,picnic,High,17,13644,4,Adult,2921.013911,2899
2014,picnic_lower,up_valley,F,YES,picnic,High,16,13924,5,Adult,2575.298735,2899
2011,river_rivermound,down_valley,M,NO,rvbench,Low,13,35825,2,Adult,2198.550796,2934
2012,picnic_lower,up_valley,F,YES,picnic,High,11,10299,3,Adult,2708.304898,2950
2014,picnic_lower,up_valley,F,YES,picnic,High,16,13924,5,Adult,2672.542737,2950
2013,picnic_lower,up_valley,F,YES,picnic,High,17,13644,4,Adult,2729.414885,2950
2011,picnic_lower,up_valley,F,YES,picnic,High,15,9938,2,Adult,1823.517635,2950
2012,picnic_lower,up_valley,F,YES,picnic,High,11,10299,3,Adult,2994.387647,2975
2017,picnic_lower,up_valley,F,YES,picnic,High,35,13568,8,Adult,2847.262699,2975
2013,picnic_lower,up_valley,F,YES,picnic,High,17,13644,4,Adult,2898.099219,2975
2018,picnic_lower,up_valley,F,NO,picnic,High,65,15311,9,Adult,3096.71539,2975
2014,picnic_lower,up_valley,F,YES,picnic,High,16,13924,5,Adult,3017.827509,2975
2015,picnic_lower,up_valley,F,YES,picnic,Low,9,13511,6,Adult,2861.671759,2975
2016,picnic_lower,up_valley,F,YES,picnic,High,14,10896,7,Adult,2930.059404,2975
2011,picnic_lower,up_valley,F,YES,picnic,High,15,9938,2,Adult,1827.982034,2975
2014,boulder,up_valley,M,YES,,Low,,,5,Adult,2946.523216,2953
2017,northpk,up_valley,M,YES,northpk,High,9,8255,8,Adult,3409.499148,2953
2012,boulder,up_valley,M,YES,boulder,Low,3,4985,3,Adult,3310.086969,2953
2015,boulder,up_valley,M,YES,boulder,Low,3,5833,6,Adult,,2953
2018,northpk,up_valley,M,YES,northpk,High,18,7842,9,Adult,3660.772137,2953
2013,northpk,up_valley,M,YES,northpk,Low,1,3399,4,Adult,3067.18787,2953
2011,boulder,up_valley,M,YES,boulder,High,5,3798,2,Adult,1839.878903,2953
2019,northpk,up_valley,M,YES,northpk,High,19,6809,10,Adult,2628.496409,2953
2016,northpk,up_valley,M,YES,northpk,Low,3,5253,7,Adult,3342.034525,2953
2013,bench,down_valley,F,YES,rvbench,Low,20,26418,2,Adult,2377.878489,3119
2015,river_southmound,down_valley,F,YES,rvbench,Low,3,34688,4,Adult,2899.916618,3119
2018,river_southmound,down_valley,F,YES,rvbench,Low,18,18652,7,Adult,3169.87667,3119
2016,river_southmound,down_valley,F,YES,rvbench,Low,10,14535,5,Adult,3028.070372,3119
2014,river_southmound,down_valley,F,YES,rvbench,Low,21,27776,3,Adult,2781.220702,3119
2017,river_southmound,down_valley,F,YES,rvbench,Low,5,24156,6,Adult,2953.453753,3119
2013,picnic_lower,up_valley,M,NO,picnic,High,17,13644,3,Adult,,3081
2012,picnic_upper,up_valley,M,YES,picnic,High,11,10299,2,Adult,2995.309403,3081
2017,northpk,up_valley,F,YES,northpk,High,9,8255,7,Adult,3011.519249,2998
2015,boulder,up_valley,F,YES,boulder,Low,3,5833,5,Adult,2890.1662,2998
2014,boulder,up_valley,F,YES,,Low,,,4,Adult,2728.912994,2998
2018,northpk,up_valley,F,YES,northpk,High,18,7842,8,Adult,3469.362199,2998
2012,northpk,up_valley,F,YES,northpk,Low,2,2210,2,Adult,2690.494085,2998
2013,boulder,up_valley,F,YES,boulder,Low,6,8099,3,Adult,2757.236336,2998
2016,boulder,up_valley,F,YES,boulder,Low,3,2614,6,Adult,3031.996445,2998
2013,picnic_lower,up_valley,F,NO,picnic,High,17,13644,3,Adult,,3089
2012,picnic_middle,up_valley,F,YES,picnic,High,11,10299,2,Adult,2497.655062,3089
2009,northpk,up_valley,M,NO,northpk,Low,2,2859,2,Adult,2554.888564,4358
2010,gothictown,down_valley,M,NO,gothictown,High,84,13828,2,Adult,3750.81541,4366
2014,picnic_middle,up_valley,M,YES,picnic,High,16,13924,5,Adult,2333.117515,2970
2013,picnic_lower,up_valley,M,YES,picnic,High,17,13644,4,Adult,,2970
2015,picnic_lower,up_valley,M,YES,picnic,Low,9,13511,6,Adult,3261.311486,2970
2011,picnic_lower,up_valley,M,YES,picnic,High,15,9938,2,Adult,1747.557351,2970
2012,picnic_lower,up_valley,M,YES,picnic,High,11,10299,3,Adult,3219.395661,2970
2015,rvannex,down_valley,F,NO,rvbench,Low,3,34688,6,Adult,2699.030484,2933
2013,rvannex,down_valley,F,YES,rvbench,Low,20,26418,4,Adult,2683.513346,2933
2012,rvannex,down_valley,F,YES,rvbench,Low,6,22175,3,Adult,2599.517184,2933
2014,rvannex,down_valley,F,YES,rvbench,Low,21,27776,5,Adult,2525.298047,2933
2011,rvannex,down_valley,F,YES,rvbench,Low,13,35825,2,Adult,1873.300634,2933
2012,avalanche,down_valley,M,YES,avalanche,Low,3,11095,3,Adult,4091.704105,2947
2011,avalanche,down_valley,M,YES,avalanche,Low,4,7400,2,Adult,2520.018845,2947
2009,gothictown,down_valley,M,YES,gothictown,High,67,17797,2,Adult,3166.909574,4359
2010,gothictown,down_valley,M,YES,gothictown,High,84,13828,3,Adult,3238.63821,4359
2011,mm_aspen,up_valley,M,NO,mm,High,11,14816,2,Adult,1571.311895,2956
2011,mm_aspen,up_valley,F,YES,mm,High,11,14816,2,Adult,1422.5997,2954
2014,bench,down_valley,F,NO,rvbench,Low,21,27776,5,Adult,,2941
2012,bench,down_valley,F,YES,rvbench,Low,6,22175,3,Adult,3120.051495,2941
2013,bench,down_valley,F,YES,rvbench,Low,20,26418,4,Adult,2848.564742,2941
2011,river_rivermound,down_valley,F,YES,rvbench,Low,13,35825,2,Adult,2115.993003,2941
2014,picnic_lower,up_valley,M,NO,picnic,High,16,13924,2,Adult,2611.587696,3162
2014,bench,down_valley,F,YES,rvbench,Low,21,27776,2,Adult,2419.959866,3176
2016,river_southmound,down_valley,F,YES,rvbench,Low,10,14535,4,Adult,3123.076079,3176
2015,bench,down_valley,F,YES,rvbench,Low,3,34688,3,Adult,2981.978284,3176
2014,picnic_lower,up_valley,F,NO,picnic,High,16,13924,2,Adult,,3177
2012,avalanche,down_valley,F,YES,avalanche,Low,3,11095,3,Adult,2633.829922,4367
2011,avalanche,down_valley,F,YES,avalanche,Low,4,7400,2,Adult,1637.91659,4367
2013,avalanche,down_valley,F,YES,avalanche,High,17,15075,4,Adult,2419.275814,4367
2012,avalanche,down_valley,F,YES,avalanche,Low,3,11095,3,Adult,2453.254122,4368
2013,avalanche,down_valley,F,NO,avalanche,High,17,15075,4,Adult,,4368
2011,avalanche,down_valley,F,YES,avalanche,Low,4,7400,2,Adult,1654.231768,4368
2013,mm_maintalus,up_valley,M,NO,mm,High,14,15972,2,Adult,,3133
2011,bench,down_valley,F,YES,rvbench,Low,13,35825,2,Adult,2031.102684,4369
2012,bench,down_valley,F,YES,rvbench,Low,6,22175,3,Adult,2459.841141,4369
2014,gothictown,down_valley,F,YES,gothictown,High,17,8106,5,Adult,2254.635801,4369
2013,gothictown,down_valley,F,YES,gothictown,High,39,11666,4,Adult,2275.54832,4369
2011,bench,down_valley,F,NO,rvbench,Low,13,35825,2,Adult,2146.362813,4370
2012,gothictown,down_valley,M,YES,gothictown,High,21,4340,2,Adult,,3116
2013,avalanche,down_valley,M,YES,avalanche,High,17,15075,3,Adult,3065.883967,3116
2013,gothictown,down_valley,F,YES,gothictown,High,39,11666,2,Adult,2345.601292,3144
2015,picnic_upper,up_valley,M,YES,picnic,Low,9,13511,3,Adult,3377.6611,3163
2016,picnic_lower,up_valley,M,NO,picnic,High,14,10896,4,Adult,3317.713837,3163
2014,picnic_middle,up_valley,M,YES,picnic,High,16,13924,2,Adult,2827.147353,3163
2016,picnic_lower,up_valley,F,YES,picnic,High,14,10896,4,Adult,2301.968939,3165
2015,picnic_lower,up_valley,F,YES,picnic,Low,9,13511,3,Adult,2337.438442,3165
2018,picnic_lower,up_valley,F,YES,picnic,High,65,15311,6,Adult,2803.995283,3165
2014,picnic_lower,up_valley,F,YES,picnic,High,16,13924,2,Adult,1999.018174,3165
2019,picnic_lower,up_valley,F,NO,picnic,High,48,12940,7,Adult,,3165
2017,picnic_lower,up_valley,F,YES,picnic,High,35,13568,5,Adult,2468.44171,3165
2015,mm_aspen,up_valley,F,NO,mm,Low,2,16003,3,Adult,,3201
2014,mm_aspen,up_valley,F,YES,mm,High,18,13411,2,Adult,2150.336533,3201
2016,gothictown,down_valley,F,YES,gothictown,High,61,10358,4,Adult,2997.61572,3154
2017,gothictown,down_valley,F,YES,gothictown,High,41,20806,5,Adult,3048.979242,3154
2015,gothictown,down_valley,F,YES,gothictown,High,63,10615,3,Adult,3032.641647,3154
2018,gothictown,down_valley,F,YES,gothictown,High,39,13692,6,Adult,3405.940742,3154
2020,gothictown,down_valley,F,YES,gothictown,Low,2,8799,8,Adult,3529.993556,3154
2019,gothictown,down_valley,F,YES,gothictown,High,157,20334,7,Adult,3021.807948,3154
2014,gothictown,down_valley,F,YES,gothictown,High,17,8106,2,Adult,2634.552594,3154
2014,mm_maintalus,up_valley,M,YES,mm,High,18,13411,3,Adult,2920.208168,4377
2015,mm_maintalus,up_valley,M,NO,mm,Low,2,16003,4,Adult,3427.930812,4377
2013,mm_maintalus,up_valley,M,YES,mm,High,14,15972,2,Adult,2729.642114,4377
2015,mm_maintalus,up_valley,F,NO,mm,Low,2,16003,2,Adult,2075.769852,3270
2016,picnic_lower,up_valley,M,YES,picnic,High,14,10896,2,Adult,,3341
2017,picnic_lower,up_valley,M,NO,picnic,High,35,13568,3,Adult,,3341
2013,mm_maintalus,up_valley,M,YES,mm,High,14,15972,2,Adult,2992.372495,4378
2019,gothictown,down_valley,F,YES,gothictown,High,157,20334,2,Adult,2447.899981,3597
2020,gothictown,down_valley,F,YES,gothictown,Low,2,8799,3,Adult,3031.393556,3597
2016,picnic_lower,up_valley,M,NO,picnic,High,14,10896,2,Adult,2561.550034,3425
2015,picnic_lower,up_valley,F,NO,picnic,Low,9,13511,2,Adult,2049.88754,3275
2015,picnic_lower,up_valley,F,YES,picnic,Low,9,13511,2,Adult,2147.91376,3276
2016,picnic_lower,up_valley,F,NO,picnic,High,14,10896,3,Adult,2411.507524,3276
2016,picnic_lower,up_valley,F,YES,picnic,High,14,10896,3,Adult,2324.640168,3300
2015,picnic_lower,up_valley,F,YES,picnic,Low,9,13511,2,Adult,1726.365958,3300
2017,picnic_lower,up_valley,F,NO,picnic,High,35,13568,4,Adult,2408.469977,3300
2015,picnic_lower,up_valley,M,YES,picnic,Low,9,13511,2,Adult,2140.131253,3277
2016,picnic_lower,up_valley,M,NO,picnic,High,14,10896,3,Adult,,3277
2015,picnic_upper,up_valley,M,YES,picnic,Low,9,13511,2,Adult,2236.803589,4391
2019,picnic_lower,up_valley,M,YES,picnic,High,48,12940,6,Adult,2629.463062,4391
2016,picnic_lower,up_valley,M,YES,picnic,High,14,10896,3,Adult,2915.322284,4391
2020,picnic_lower,up_valley,M,YES,picnic,High,6,3555,7,Adult,3306.610776,4391
2017,picnic_lower,up_valley,M,YES,picnic,High,35,13568,4,Adult,2949.36321,4391
2018,picnic_lower,up_valley,M,YES,picnic,High,65,15311,5,Adult,3370.678929,4391
2016,mm_maintalus,up_valley,M,NO,mm,High,10,10160,2,Adult,,3337
2016,mm_maintalus,up_valley,M,YES,mm,High,10,10160,4,Adult,2817.244301,4381
2019,mm_aspen,up_valley,M,YES,mm,High,21,11856,7,Adult,2259.011898,4381
2015,mm_maintalus,up_valley,M,YES,mm,Low,2,16003,3,Adult,2971.992571,4381
2014,mm_aspen,up_valley,M,YES,mm,High,18,13411,2,Adult,2944.153283,4381
2020,mm_aspen,up_valley,M,NO,mm,Low,1,2778,8,Adult,,4381
2017,mm_maintalus,up_valley,M,YES,mm,Low,10,14347,5,Adult,2793.594163,4381
2018,gothictown,down_valley,F,YES,gothictown,High,39,13692,4,Adult,2640.426584,3349
2020,gothictown,down_valley,F,YES,gothictown,Low,2,8799,6,Adult,2707.108101,3349
2017,gothictown,down_valley,F,YES,gothictown,High,41,20806,3,Adult,2494.369821,3349
2019,gothictown,down_valley,F,YES,gothictown,High,157,20334,5,Adult,2286.49618,3349
2016,gothictown,down_valley,F,YES,gothictown,High,61,10358,2,Adult,1892.021234,3349
2017,river_southmound,down_valley,F,YES,rvbench,Low,5,24156,5,Adult,2760.978045,3178
2014,river_rivermound,down_valley,F,YES,rvbench,Low,21,27776,2,Adult,2518.432355,3178
2016,river_sprucemound,down_valley,F,YES,rvbench,Low,10,14535,4,Adult,2548.588412,3178
2015,river_rivermound,down_valley,F,YES,rvbench,Low,3,34688,3,Adult,2642.661339,3178
2018,river_rivermound,down_valley,F,YES,rvbench,Low,18,18652,6,Adult,2871.245267,3178
2012,picnic_lower,up_valley,F,YES,picnic,High,11,10299,2,Adult,,3117
2014,picnic_middle,up_valley,M,NO,picnic,High,16,13924,2,Adult,2675.08233,3166
2014,picnic_lower,up_valley,F,NO,picnic,High,16,13924,4,Adult,,4376
2012,picnic_upper,up_valley,F,YES,picnic,High,11,10299,2,Adult,2106.866162,4376
2013,picnic_middle,up_valley,F,YES,picnic,High,17,13644,3,Adult,2287.576738,4376
2017,boulder,up_valley,F,YES,boulder,High,5,1738,2,Adult,2073.169267,3469
2018,picnic_lower,up_valley,F,YES,picnic,High,65,15311,4,Adult,2540.825294,3395
2017,picnic_lower,up_valley,F,YES,picnic,High,35,13568,3,Adult,2170.87263,3395
2016,picnic_lower,up_valley,F,YES,picnic,High,14,10896,2,Adult,1975.897644,3395
2019,boulder,up_valley,F,NO,boulder,High,9,1849,5,Adult,1972.729836,3395
2017,mm_aspen,up_valley,F,YES,mm,Low,10,14347,2,Adult,1638.536134,3442
2018,mm_aspen,up_valley,F,NO,mm,High,26,15549,3,Adult,2408.558522,3442
2018,boulder,up_valley,M,YES,boulder,High,10,3172,3,Adult,2973.070088,4405
2019,boulder,up_valley,M,YES,boulder,High,9,1849,4,Adult,2339.392975,4405
2017,boulder,up_valley,M,YES,boulder,High,5,1738,2,Adult,2200.990402,4405
2020,boulder,up_valley,M,YES,,Low,,,5,Adult,3013.957561,4405
2019,rvannex,down_valley,F,YES,rvbench,Low,23,15854,4,Adult,2363.074288,3459
2020,rvannex,down_valley,F,YES,rvbench,Low,5,9475,5,Adult,2441.546452,3459
2018,rvannex,down_valley,F,YES,rvbench,Low,18,18652,3,Adult,2368.073964,3459
2017,rvannex,down_valley,F,YES,rvbench,Low,5,24156,2,Adult,1915.044991,3459
2016,mm_maintalus,up_valley,M,NO,mm,High,10,10160,2,Adult,,3340
2016,picnic_lower,up_valley,F,NO,picnic,High,14,10896,2,Adult,1920.606388,3370
2014,picnic_lower,up_valley,M,YES,picnic,High,16,13924,2,Adult,2913.408374,3948
2015,picnic_lower,up_valley,M,NO,picnic,Low,9,13511,3,Adult,3255.278708,3948
2017,river_southmound,down_valley,M,NO,rvbench,Low,5,24156,2,Adult,,3445
2019,rvannex,down_valley,F,YES,rvbench,Low,23,15854,4,Adult,2382.200502,3461
2017,rvannex,down_valley,F,YES,rvbench,Low,5,24156,2,Adult,2099.423732,3461
2018,rvannex,down_valley,F,YES,rvbench,Low,18,18652,3,Adult,2719.744997,3461
2020,rvannex,down_valley,F,YES,rvbench,Low,5,9475,5,Adult,2671.648978,3461
2014,gothictown,down_valley,M,YES,gothictown,High,17,8106,2,Adult,1788.431088,4385
2017,gothictown,down_valley,M,YES,gothictown,High,41,20806,5,Adult,3754.121359,4385
2016,gothictown,down_valley,M,YES,gothictown,High,61,10358,4,Adult,3696.646467,4385
2020,gothictown,down_valley,M,YES,gothictown,Low,2,8799,8,Adult,3679.737012,4385
2019,gothictown,down_valley,M,YES,gothictown,High,157,20334,7,Adult,3159.559638,4385
2019,gothictown,down_valley,M,YES,gothictown,High,157,20334,7,Adult,3159.559638,4385
2019,gothictown,down_valley,M,YES,gothictown,High,157,20334,7,Adult,3159.559638,4385
2018,gothictown,down_valley,M,YES,gothictown,High,39,13692,6,Adult,4101.80214,4385
2019,gothictown,down_valley,M,YES,gothictown,High,157,20334,7,Adult,3159.559638,4385
2015,gothictown,down_valley,M,YES,gothictown,High,63,10615,3,Adult,3609.320862,4385
2016,northpk,up_valley,F,NO,northpk,Low,3,5253,4,Adult,,3158
2020,gothictown,down_valley,M,NO,gothictown,Low,2,8799,2,Adult,3399.509511,3727
2016,northpk,up_valley,F,NO,northpk,Low,3,5253,4,Adult,2744.938959,3251
2015,northpk,up_valley,F,YES,northpk,Low,4,3795,3,Adult,2681.113037,3251
2014,northpk,up_valley,F,YES,northpk,Low,3,2445,2,Adult,2244.515978,3251
2016,picnic_lower,up_valley,F,YES,picnic,High,14,10896,2,Adult,1890.038059,3421
2018,picnic_lower,up_valley,F,NO,picnic,High,65,15311,4,Adult,2478.262663,3421
2017,picnic_lower,up_valley,F,YES,picnic,High,35,13568,3,Adult,2178.710244,3421
2016,northpk,up_valley,F,YES,northpk,Low,3,5253,4,Adult,2588.264239,3208
2015,northpk,up_valley,F,YES,northpk,Low,4,3795,3,Adult,2526.343556,3208
2015,northpk,up_valley,F,YES,northpk,Low,4,3795,2,Adult,2385.795787,4392
2016,picnic_lower,up_valley,M,NO,picnic,High,14,10896,2,Adult,2171.804199,3371
2017,picnic_lower,up_valley,F,YES,picnic,High,35,13568,3,Adult,2052.214217,3372
2016,picnic_lower,up_valley,F,YES,picnic,High,14,10896,2,Adult,,3372
2018,boulder,up_valley,F,YES,boulder,High,10,3172,3,Adult,2552.812401,3510
2019,boulder,up_valley,F,YES,boulder,High,9,1849,4,Adult,2159.296033,3510
2020,boulder,up_valley,F,YES,,Low,,,5,Adult,2592.539057,3510
2017,boulder,up_valley,F,YES,boulder,High,5,1738,2,Adult,1856.060799,3510
2016,northpk,up_valley,F,YES,northpk,Low,3,5253,2,Adult,2034.369718,3413
2016,mm_maintalus,up_valley,M,NO,mm,High,10,10160,2,Adult,2442.061804,3391
2016,picnic_lower,up_valley,F,YES,picnic,High,14,10896,2,Adult,,3373
2017,mm_maintalus,up_valley,F,YES,mm,Low,10,14347,2,Adult,1798.824194,3443
2018,mm_aspen,up_valley,F,YES,mm,High,26,15549,3,Adult,2523.949627,3443
2019,mm_aspen,up_valley,F,YES,mm,High,21,11856,4,Adult,2155.787048,3443
2020,mm_aspen,up_valley,F,YES,mm,Low,1,2778,5,Adult,2400.527475,3443
2017,picnic_lower,up_valley,F,NO,picnic,High,35,13568,2,Adult,1883.258439,3433
2017,picnic_lower,up_valley,M,YES,picnic,High,35,13568,2,Adult,2014.86453,3493
2020,gothictown,down_valley,F,YES,gothictown,Low,2,8799,3,Adult,2767.775524,3648
2019,gothictown,down_valley,F,YES,gothictown,High,157,20334,2,Adult,2249.180714,3648
2018,mm_maintalus,up_valley,F,YES,mm,High,26,15549,3,Adult,2077.929757,3444
2017,mm_maintalus,up_valley,F,YES,mm,Low,10,14347,2,Adult,1648.982546,3444
2019,mm_maintalus,up_valley,F,YES,mm,High,21,11856,4,Adult,2025.557734,3444
2017,picnic_lower,up_valley,F,YES,picnic,High,35,13568,2,Adult,1660.477152,3494
2017,picnic_lower,up_valley,F,NO,picnic,High,35,13568,2,Adult,1906.753604,3435
2017,picnic_lower,up_valley,F,YES,picnic,High,35,13568,2,Adult,2052.588125,3436
2018,picnic_lower,up_valley,F,NO,picnic,High,65,15311,3,Adult,2792.563172,3436
2018,picnic_lower,up_valley,F,NO,picnic,High,65,15311,3,Adult,2310.373427,3480
2017,picnic_lower,up_valley,F,YES,picnic,High,35,13568,2,Adult,,3480
2016,avalanche,down_valley,F,YES,avalanche,Low,1,3347,2,Adult,2031.221599,3392
2017,avalanche,down_valley,F,YES,avalanche,Low,2,8241,3,Adult,2330.198062,3392
2016,gothictown,down_valley,M,NO,gothictown,High,61,10358,2,Adult,2568.744377,4397
2020,river_rivermound,down_valley,F,YES,rvbench,Low,5,9475,2,Adult,2365.015509,3730
2016,gothictown,down_valley,F,YES,gothictown,High,61,10358,2,Adult,2275.385216,4398
2017,gothictown,down_valley,F,YES,gothictown,High,41,20806,3,Adult,2591.417226,4398
2017,river_rivermound,down_valley,F,YES,rvbench,Low,5,24156,2,Adult,2228.177169,3457
2014,river_southmound,down_valley,F,NO,rvbench,Low,21,27776,3,Adult,,3126
2013,river_sprucemound,down_valley,F,YES,rvbench,Low,20,26418,2,Adult,2417.882147,3126
2011,northpk,up_valley,F,YES,northpk,High,5,3128,2,Adult,2086.969328,4371
2012,northpk,up_valley,F,NO,northpk,Low,2,2210,3,Adult,,4371
2012,gothictown,down_valley,M,YES,gothictown,High,21,4340,2,Adult,3508.173041,3118
2014,gothictown,down_valley,M,NO,gothictown,High,17,8106,4,Adult,,3118
2013,gothictown,down_valley,M,YES,gothictown,High,39,11666,3,Adult,1717.192716,3118
2014,picnic_upper,up_valley,F,YES,picnic,High,16,13924,2,Adult,2210.668226,3224
2014,picnic_middle,up_valley,F,NO,picnic,High,16,13924,2,Adult,2239.662936,3221
2014,picnic_lower,up_valley,M,YES,picnic,High,16,13924,2,Adult,,3196
2019,river_southmound,down_valley,M,YES,rvbench,Low,23,15854,6,Adult,2864.537362,3311
2016,river_sprucemound,down_valley,M,YES,rvbench,Low,10,14535,3,Adult,3082.562643,3311
2018,river_southmound,down_valley,M,YES,rvbench,Low,18,18652,5,Adult,3449.396237,3311
2020,river_sprucemound,down_valley,M,YES,rvbench,Low,5,9475,7,Adult,3598.667581,3311
2014,picnic_lower,up_valley,M,NO,picnic,High,16,13924,2,Adult,,3197
2016,gothictown,down_valley,F,YES,gothictown,High,61,10358,2,Adult,2662.280672,4399
2019,gothictown,down_valley,F,NO,gothictown,High,157,20334,5,Adult,,4399
2017,gothictown,down_valley,F,YES,gothictown,High,41,20806,3,Adult,2557.09052,4399
2016,avalanche,down_valley,M,YES,avalanche,Low,1,3347,2,Adult,2224.282746,4400
2015,northpk,up_valley,M,YES,northpk,Low,4,3795,2,Adult,2171.293625,4395
2018,northpk,up_valley,M,NO,northpk,High,18,7842,2,Adult,,3569
2018,mm_aspen,up_valley,F,YES,mm,High,26,15549,2,Adult,2113.567356,3529
2020,mm_aspen,up_valley,F,NO,mm,Low,1,2778,4,Adult,2754.64902,3529
2019,mm_aspen,up_valley,F,YES,mm,High,21,11856,3,Adult,2162.696161,3529
2018,gothictown,down_valley,F,NO,gothictown,High,39,13692,2,Adult,,3582
2018,northpk,up_valley,F,YES,northpk,High,18,7842,2,Adult,2193.855144,3573
2019,northpk,up_valley,F,YES,northpk,High,19,6809,3,Adult,1899.310771,3573
2020,northpk,up_valley,F,YES,northpk,Low,2,2941,4,Adult,2474.37008,3573
2016,northpk,up_valley,M,NO,northpk,Low,3,5253,2,Adult,1941.984076,4402
2016,bench,down_valley,M,YES,rvbench,Low,10,14535,2,Adult,2007.674912,4401
2017,river_rivermound,down_valley,M,YES,rvbench,Low,5,24156,3,Adult,2682.707718,4401
2018,northpk,up_valley,M,NO,northpk,High,18,7842,2,Adult,2261.610358,4410
2017,gothictown,down_valley,M,YES,gothictown,High,41,20806,3,Adult,2860.359685,4403
2018,bench,down_valley,M,NO,rvbench,Low,18,18652,4,Adult,3108.896762,4403
2016,bench,down_valley,M,YES,rvbench,Low,10,14535,2,Adult,2193.918013,4403
2019,boulder,up_valley,F,YES,boulder,High,9,1849,3,Adult,1881.998605,3567
2018,northpk,up_valley,F,YES,northpk,High,18,7842,2,Adult,2038.480262,3567
2020,northpk,up_valley,F,YES,northpk,Low,2,2941,4,Adult,2394.304696,3567
2019,picnic_lower,up_valley,F,NO,picnic,High,48,12940,3,Adult,2145.192249,3523
2018,picnic_lower,up_valley,F,YES,picnic,High,65,15311,2,Adult,1977.672886,3523
2020,picnic_upper,up_valley,F,NO,picnic,High,6,3555,3,Adult,,3624
2019,picnic_middle,up_valley,F,YES,picnic,High,48,12940,2,Adult,1782.365598,3624
2019,avalanche,down_valley,F,YES,avalanche,Low,2,4297,2,Adult,1893.505622,3641
2020,avalanche,down_valley,F,YES,avalanche,Low,2,1634,3,Adult,2465.685344,3641
2018,gothictown,down_valley,F,NO,gothictown,High,39,13692,2,Adult,2429.424437,4409
2019,bench,down_valley,M,NO,rvbench,Low,23,15854,2,Adult,,3608
2020,gothictown,down_valley,M,NO,gothictown,Low,2,8799,2,Adult,2968.862549,3691
2020,bench,down_valley,F,YES,rvbench,Low,5,9475,3,Adult,2936.544973,3605
2019,river_rivermound,down_valley,F,YES,rvbench,Low,23,15854,2,Adult,2059.104057,3605
2020,bench,down_valley,F,YES,rvbench,Low,5,9475,3,Adult,2728.195767,3653
2019,bench,down_valley,F,YES,rvbench,Low,23,15854,2,Adult,2058.520443,3653
2020,gothictown,down_valley,F,YES,gothictown,Low,2,8799,2,Adult,2684.543123,3721
2020,northpk,up_valley,F,YES,northpk,Low,2,2941,2,Adult,2274.683126,3705
2020,gothictown,down_valley,F,YES,gothictown,Low,2,8799,2,Adult,3243.093767,3709
2017,avalanche,down_valley,M,NO,avalanche,Low,2,8241,2,Adult,2403.53731,4406
2020,mm_aspen,up_valley,F,YES,mm,Low,1,2778,3,Adult,2917.868996,3588
2019,mm_aspen,up_valley,F,YES,mm,High,21,11856,2,Adult,1769.292304,3588
2020,northpk,up_valley,F,YES,northpk,Low,2,2941,2,Adult,2303.400805,3706
2020,mm_aspen,up_valley,F,YES,mm,Low,1,2778,3,Adult,2846.800927,3587
2019,mm_maintalus,up_valley,F,YES,mm,High,21,11856,2,Adult,1942.456227,3587
2019,bench,down_valley,F,YES,rvbench,Low,23,15854,2,Adult,2152.006425,3655
2019,mm_maintalus,up_valley,F,YES,mm,High,21,11856,2,Adult,1954.577788,3589
2020,horsemound,down_valley,F,YES,,Low,,,2,Adult,2158.840453,3693
2018,avalanche,down_valley,F,YES,avalanche,Low,3,7268,2,Adult,2018.167226,4411
2019,horsemound,down_valley,F,NO,,Low,,,3,Adult,2137.210278,4411
2020,gothictown,down_valley,F,NO,gothictown,Low,2,8799,2,Adult,,3756
2019,picnic_lower,up_valley,F,NO,picnic,High,48,12940,2,Adult,1730.984884,4415
2020,horsemound,down_valley,M,YES,,Low,,,2,Adult,3600.622357,3761
2020,river_rivermound,down_valley,F,NO,rvbench,Low,5,9475,2,Adult,2637.424895,3696
2020,gothictown,down_valley,F,YES,gothictown,Low,2,8799,2,Adult,3027.66557,3712
2020,mm_aspen,up_valley,M,YES,mm,Low,1,2778,2,Adult,2982.001954,3684
2019,rvannex,down_valley,M,NO,rvbench,Low,23,15854,2,Adult,2384.0419,4414
2020,avalanche,down_valley,M,YES,avalanche,Low,2,1634,4,Adult,3383.955497,4412
2019,avalanche,down_valley,M,YES,avalanche,Low,2,4297,3,Adult,2506.608354,4412
2018,avalanche,down_valley,M,YES,avalanche,Low,3,7268,2,Adult,2748.958446,4412
2018,bench,down_valley,M,YES,rvbench,Low,18,18652,2,Adult,2411.355564,4413
2019,bench,down_valley,M,NO,rvbench,Low,23,15854,3,Adult,2276.364553,4413
2020,boulder,up_valley,M,YES,,Low,,,2,Adult,1775.595658,4421
2020,gothictown,down_valley,M,NO,gothictown,Low,2,8799,2,Adult,1666.486523,4418
2020,northpk,up_valley,F,YES,northpk,Low,2,2941,2,Adult,2400.62651,4416
2020,northpk,up_valley,F,YES,northpk,Low,2,2941,2,Adult,2285.089499,4417
2020,picnic_lower,up_valley,F,YES,picnic,High,6,3555,2,Adult,2052.440725,3667
2020,picnic_lower,up_valley,F,YES,picnic,High,6,3555,2,Adult,2330.717841,3664
2020,picnic_lower,up_valley,M,YES,picnic,High,6,3555,2,Adult,2500.414406,3665
2020,rvannex,down_valley,F,YES,rvbench,Low,5,9475,2,Adult,2087.799294,3731
2020,picnic_lower,up_valley,F,YES,picnic,High,6,3555,2,Adult,1844.63444,3674
2020,northpk,up_valley,F,YES,northpk,Low,2,2941,2,Adult,1635.432644,4420
2020,gothictown,down_valley,M,YES,gothictown,Low,2,8799,2,Adult,1892.851956,4419
2003,picnic_middle,up_valley,F,NO,picnic,High,21,6769,14,Adult,2445.486156,1324
2007,picnic_upper,up_valley,F,YES,picnic,High,22,7669,5,Adult,2458.68504,2043
2004,picnic,up_valley,F,YES,picnic,High,23,7579,2,Adult,1975.579702,2043
2006,picnic_upper,up_valley,F,YES,picnic,High,28,11295,4,Adult,2413.825863,2043
2008,picnic_middle,up_valley,F,NO,picnic,High,35,7309,6,Adult,2268.163877,2043
2005,picnic,up_valley,F,YES,picnic,High,38,8519,3,Adult,2102.059289,2043